customer_key,customer_identification,customer_category,customer_is_current
0,999999,N/A,1
1,599000,N/A,1
2,AFRM01,N/A,1
3,AFRM02,N/A,1
4,AFRM10,N/A,1
6,AACJ01,N/A,1
7,AACJC1,N/A,1
8,AAVN01,N/A,1
9,ABLA01,N/A,1
10,ABLE01,N/A,1
11,ACHD01,N/A,1
12,ACHT01,N/A,1
13,ACHVOC,N/A,1
14,ACLSOC,N/A,1
15,ADJG01,N/A,1
16,AEVN01,N/A,1
17,AFRM03,N/A,1
18,AFRM06,N/A,1
19,AFRM09,N/A,1
20,AFRN02,N/A,1
21,AACJC2,Consignment,1
22,ACHBC1,Consignment,1
23,ACHVC1,Consignment,1
24,ACLSC1,Consignment,1
25,ADIMOC,Consignment,1
26,AFRMC1,Consignment,1
27,AFRMOC,Consignment,1
28,AFRN01,Consignment,1
29,AADPRG,N/A,1
30,AADPRO,N/A,1
31,AAMI01,N/A,1
32,ABHN02,N/A,1
33,ACHP01,N/A,1
34,ABHG01,N/A,1
35,ABHN01,N/A,1
36,ABHG02,N/A,1
37,ABRD01,N/A,1
38,ACLS02,N/A,1
39,AFRM05,N/A,1
40,ACHR01,N/A,1
41,ACHU01,N/A,1
42,ACLS01,N/A,1
43,AFRN03,N/A,1
44,AFRN04,N/A,1
45,ABRC01,N/A,1
46,ACHB01,N/A,1
47,ACHR02,N/A,1
48,ACHV01,N/A,1
49,AFRM08,N/A,1
50,ACLS03,N/A,1
51,AFRM07,N/A,1
52,ADIM01,N/A,1
53,AFRN05,N/A,1
54,AFRNOC,Consignment,1
55,AGQD01,N/A,1
56,AGRN01,House accounts,1
57,AGRNC1,Consignment,1
58,AGRY01,N/A,1
59,AGRYCO,Consignment,1
60,AGUR01,N/A,1
61,AGUROC,N/A,1
62,AGXM01,N/A,1
63,AGYN01,N/A,1
64,AHEL01,N/A,1
65,AHET01,N/A,1
66,AICR01,N/A,1
67,AICR02,N/A,1
68,AICR03,N/A,1
69,AICR04,N/A,1
70,AICR05,N/A,1
71,AICR06,N/A,1
72,AICR07,N/A,1
73,AICR08,N/A,1
74,AICR09,N/A,1
75,AICRC1,N/A,1
76,AICROC,N/A,1
77,AJEN01,N/A,1
78,AKER01,N/A,1
79,AKER02,N/A,1
80,AKER03,N/A,1
81,AKEY01,N/A,1
82,AKGK01,N/A,1
83,AKGR01,N/A,1
84,AKHI01,N/A,1
85,AKHN01,N/A,1
86,AKHN02,N/A,1
87,AKHN03,N/A,1
88,AKHN04,N/A,1
89,AKHN05,N/A,1
90,AKHN06,N/A,1
91,AKHN07,N/A,1
92,AKHN08,N/A,1
93,AKHNC1,Consignment,1
94,AKHNOC,N/A,1
95,AKRA01,N/A,1
96,AKW01,N/A,1
97,AKWN01,N/A,1
98,AMAK01,N/A,1
99,AMAR01,N/A,1
100,AMAR02,N/A,1
101,AMARC1,N/A,1
102,AMI01,N/A,1
103,AMI02,N/A,1
104,AMIC1,Consignment,1
105,AMIOC,N/A,1
106,AMIOOC,Consignment,1
107,AMKN01,N/A,1
108,AMKN02,N/A,1
109,AMKNOC,Consignment,1
110,AMMB01,N/A,1
111,AMMB02,N/A,1
112,AMOG01,N/A,1
113,AMOL01,N/A,1
114,ANKD01,N/A,1
115,ANKM01,N/A,1
116,ANSLES,N/A,1
117,ANYT01,N/A,1
118,APHR01,N/A,1
119,APHT01,N/A,1
120,APLZ01,N/A,1
121,AQWQ01,N/A,1
122,AREL01,N/A,1
123,AREL02,N/A,1
124,AREL03,N/A,1
125,AREL04,N/A,1
126,AREL05,N/A,1
127,ARELCO,Consignment,1
128,ARELWM,N/A,1
129,ASEP01,N/A,1
130,ASEP02,N/A,1
131,ASEPOC,Consignment,1
132,ASHB01,N/A,1
133,ASHD02,N/A,1
134,ASHE01,N/A,1
135,ASHI01,N/A,1
136,ASHI02,N/A,1
137,ASHN01,Consignment,1
138,ASHNC1,Consignment,1
139,ASHNOC,N/A,1
140,ASHP01,N/A,1
141,ASHR02,N/A,1
142,ASHR03,N/A,1
143,ASIN01,N/A,1
144,ASLB01,N/A,1
145,ASLB02,N/A,1
146,ASLB03,N/A,1
147,ASLB04,N/A,1
148,ASLB05,N/A,1
149,ASMROC,Consignment,1
150,ASPRES,Consignment,1
151,ASTC01,N/A,1
152,ASTL01,N/A,1
153,ASTLC1,Consignment,1
154,ASTLOC,N/A,1
155,ASTN01,N/A,1
156,ASTN04,N/A,1
157,ASTN07,N/A,1
158,ASTNC1,Consignment,1
159,ASTNC2,Consignment,1
160,ASTNC3,Consignment,1
161,ASTNOC,N/A,1
162,ASWN02,N/A,1
163,ASWZ01,N/A,1
164,ATEM01,N/A,1
165,ATHM01,N/A,1
166,ATHT01,N/A,1
167,ATLK01,N/A,1
168,ATLL01,N/A,1
169,ATRV01,N/A,1
170,ATSG01,N/A,1
171,ATYL01,N/A,1
172,ATYL02,N/A,1
173,ATYL03,N/A,1
174,ATYLC1,Consignment,1
175,AVAL01,N/A,1
176,AVAL02,N/A,1
177,AVAL04,N/A,1
178,AZWV01,N/A,1
179,BABR01,N/A,1
180,BABR02,N/A,1
181,BBII01,N/A,1
182,BCAI01,N/A,1
183,BDEB01,N/A,1
184,BDEE01,N/A,1
185,BDEE02,N/A,1
186,BDEE03,N/A,1
187,BDER01,N/A,1
188,BDER02,N/A,1
189,BDER03,N/A,1
190,BDES01,N/A,1
191,BDOS01,N/A,1
192,BEMA01,N/A,1
193,BEYE02,N/A,1
194,BGAO01,N/A,1
195,BGIR01,N/A,1
196,BGIS01,N/A,1
197,BHAE01,N/A,1
198,BHAEOC,Consignment,1
199,BJM01,N/A,1
200,BJMO01,N/A,1
201,BJMOC,Consignment,1
202,BJOI01,N/A,1
203,BKOR01,N/A,1
204,BKOROC,Consignment,1
205,BKUJ01,N/A,1
206,BLAU01,N/A,1
207,BLAU02,N/A,1
208,BLEO01,N/A,1
209,BMAI01,N/A,1
210,BMAO01,N/A,1
211,BMAU01,N/A,1
212,BMOE01,N/A,1
213,BMOI01,N/A,1
214,BNAO01,N/A,1
215,BNSIRG,N/A,1
216,BRAA01,N/A,1
217,BRAO01,N/A,1
218,BROA01,N/A,1
219,BROA02,N/A,1
220,BROAC1,Consignment,1
221,BROAOC,Consignment,1
222,BROE01,N/A,1
223,BROI01,N/A,1
224,BROI02,N/A,1
225,BSA001,N/A,1
226,BSAE01,N/A,1
227,BSEA01,N/A,1
228,BSUR01,N/A,1
229,BURA01,N/A,1
230,BURAOC,Consignment,1
231,BZUA01,N/A,1
232,CADO01,N/A,1
233,CADO02,N/A,1
234,CADOC1,Consignment,1
235,CADOOC,Consignment,1
236,CANH01,N/A,1
237,CBAH01,N/A,1
238,CBAH02,N/A,1
239,CBFB01,N/A,1
240,CBUH01,N/A,1
241,CBUH02,N/A,1
242,CBUH03,N/A,1
243,CBUH04,N/A,1
244,CBUH2C,N/A,1
245,CBUH3C,N/A,1
246,CBUHC1,Consignment,1
247,CBUHC2,Consignment,1
248,CBUHOC,N/A,1
249,CDIH01,N/A,1
250,CDIHC1,Consignment,1
251,CEXL01,N/A,1
252,CFIK01,N/A,1
253,CFMH01,N/A,1
254,CFOU01,N/A,1
255,CHAK01,N/A,1
256,CHAK02,N/A,1
257,CIV01,N/A,1
258,CIV02,N/A,1
259,CJAO01,N/A,1
260,CKDO01,N/A,1
261,CKOH01,N/A,1
262,CKOK02,N/A,1
263,CKOKOC,Consignment,1
264,CLOH01,N/A,1
265,CLOK01,N/A,1
266,CMAK01,N/A,1
267,CMCU01,N/A,1
268,CNIBCO,Consignment,1
269,CNIC01,N/A,1
270,CNIH01,N/A,1
271,CNIH02,Consignment,1
272,CNIHC1,Consignment,1
273,CNIHCO,Consignment,1
274,CNIHOC,Consignment,1
275,COCH01,N/A,1
276,COCH02,N/A,1
277,COCH03,N/A,1
278,COCH04,N/A,1
279,COCH05,N/A,1
280,COCH06,N/A,1
281,COCHC2,N/A,1
282,COCHC3,N/A,1
283,COCHC4,Consignment,1
284,COCHC5,Consignment,1
285,COCHCO,N/A,1
286,COCHOC,Consignment,1
287,COCU01,N/A,1
288,CPAEOC,Consignment,1
289,CRIH01,N/A,1
290,CROO01,N/A,1
291,CSAK01,N/A,1
292,CSOEX1,Consignment,1
293,CSOI01,N/A,1
294,CSPEN1,Consignment,1
295,CSPENT,Consignment,1
296,CTEH01,N/A,1
297,CTIK01,N/A,1
298,CVIT01,N/A,1
299,CWEK01,N/A,1
300,CZOC01,N/A,1
301,DABO01,N/A,1
302,DANE02,N/A,1
303,DBEW01,N/A,1
304,DBID01,N/A,1
305,DBOE01,N/A,1
306,DBOEC,Consignment,1
307,DBOEC1,Consignment,1
308,DBUG01,N/A,1
309,DBUG02,N/A,1
310,DBUG03,N/A,1
311,DDA01,N/A,1
312,DDAAC1,N/A,1
313,DDAAOC,N/A,1
314,DDIA01,N/A,1
315,DELO01,N/A,1
316,DFESOC,Consignment,1
317,DGS01,N/A,1
318,'DGSOC,Consignment,1
319,DHAD01,N/A,1
320,DHYR01,N/A,1
321,DHYRC1,Consignment,1
322,DHYRC2,Consignment,1
323,DHYRC3,Consignment,1
324,DHYRC4,Consignment,1
325,DHYRC5,N/A,1
326,DHYRC6,Consignment,1
327,DINE01,N/A,1
328,DINE02,N/A,1
329,DINU01,N/A,1
330,DINU02,N/A,1
331,DJAA01,N/A,1
332,DJAA02,N/A,1
333,DJAE01,N/A,1
334,DJAE02,N/A,1
335,DJAEOC,N/A,1
336,DJUE01,N/A,1
337,DKOA01,N/A,1
338,DLEW01,N/A,1
339,DLEW02,N/A,1
340,DLEW03,N/A,1
341,DLEWC1,Consignment,1
342,DMAA01,N/A,1
343,DMAH01,N/A,1
344,DMAI01,N/A,1
345,DMAI02,N/A,1
346,DMAZ01,N/A,1
347,DMCO01,N/A,1
348,DMCO0C,Consignment,1
349,DMCOC1,Consignment,1
350,DMCOC2,Consignment,1
351,DMEF01,N/A,1
352,DMEI01,N/A,1
353,DMEI02,N/A,1
354,DMEI03,N/A,1
355,DMEI04,N/A,1
356,DMEI05,N/A,1
357,DMEI06,N/A,1
358,DMEI07,N/A,1
359,DMEI08,N/A,1
360,DMEI09,N/A,1
361,DMEI10,N/A,1
362,DMEI11,N/A,1
363,DMEI12,N/A,1
364,DMEI13,N/A,1
365,DMEIC1,Consignment,1
366,DMEIC2,Consignment,1
367,DMEIOC,N/A,1
368,DMID01,N/A,1
369,DMIR01,N/A,1
370,DMIRC1,N/A,1
371,DMIROC,N/A,1
372,DMOE01,N/A,1
373,DMOE02,N/A,1
374,DMOI01,N/A,1
375,DMOI02,N/A,1
376,DMOI03,N/A,1
377,DMOI04,N/A,1
378,DMUA01,N/A,1
379,DNAE01,N/A,1
380,DOUS01,N/A,1
381,DPAA01,N/A,1
382,DPAA02,N/A,1
383,DRAU01,N/A,1
384,DRAU02,N/A,1
385,DRAUOC,Consignment,1
386,DRED01,N/A,1
387,DRED02,N/A,1
388,DREDOC,Consignment,1
389,DREE01,N/A,1
390,DREK01,N/A,1
391,DSAI01,N/A,1
392,DSEGOC,Consignment,1
393,DSEI01,N/A,1
394,DSIN01,N/A,1
395,DSWE01,N/A,1
396,DVIA01,N/A,1
397,DVIAC1,Consignment,1
398,DVIAOC,Consignment,1
399,DVIE01,N/A,1
400,DVOA01,N/A,1
401,DVOAC1,N/A,1
402,DVOAOC,N/A,1
403,DWAE02,N/A,1
404,DWAE03,N/A,1
405,DWAE04,N/A,1
406,EACO01,N/A,1
407,EALX01,N/A,1
408,EALX03,N/A,1
409,EALXC1,N/A,1
410,EALXC2,Consignment,1
411,EALXOC,N/A,1
412,EAME01,N/A,1
413,EAMR01,House accounts,1
414,EBHK01,N/A,1
415,EBHK02,N/A,1
416,EBLC01,N/A,1
417,EBLW01,N/A,1
418,EBLW02,N/A,1
419,EBRE01,N/A,1
420,EBRE02,N/A,1
421,EBRNDS,N/A,1
422,EBRW01,N/A,1
423,ECHC01,N/A,1
424,ECHS01,N/A,1
425,ECHT01,N/A,1
426,ECHT02,N/A,1
427,ECHT03,N/A,1
428,ECHT04,N/A,1
429,ECHT05,N/A,1
430,ECHT06,N/A,1
431,ECHTCO,Consignment,1
432,ECLA01,N/A,1
433,ECLA02,N/A,1
434,ECLA03,N/A,1
435,ECLA04,N/A,1
436,ECLA05,N/A,1
437,ECOT01,N/A,1
438,ECOT02,N/A,1
439,ECOT03,N/A,1
440,ECOT04,N/A,1
441,ECOTOC,Consignment,1
442,ECRS01,N/A,1
443,ECRW01,N/A,1
444,ECRWC1,N/A,1
445,ECRWOC,N/A,1
446,EDIPOC,Consignment,1
447,EDIRRE,Consignment,1
448,EEDN01,N/A,1
449,EEVR01,N/A,1
450,EEVR02,N/A,1
451,EEY201,N/A,1
452,EEYB01,N/A,1
453,EEYB02,N/A,1
454,EEYBC1,Consignment,1
455,EEYBOC,N/A,1
456,EEYC01,N/A,1
457,EEYC02,N/A,1
458,EEYC03,N/A,1
459,EEYC04,N/A,1
460,EEYC1,N/A,1
461,EEYCC2,N/A,1
462,EEYCC3,Consignment,1
463,EEYCC4,Consignment,1
464,EEYCC5,N/A,1
465,EEYCC6,N/A,1
466,EEYCOC,N/A,1
467,EEYD01,N/A,1
468,EEYD02,N/A,1
469,EEYD03,N/A,1
470,EEYD04,N/A,1
471,EEYE01,N/A,1
472,EEYE02,N/A,1
473,EEYEXC,Consignment,1
474,EEYL01,N/A,1
475,EEYL02,N/A,1
476,EEYL03,N/A,1
477,EEYL04,N/A,1
478,EEYL05,N/A,1
479,EEYL06,N/A,1
480,EEYLOC,N/A,1
481,EEYO01,N/A,1
482,EEYOC,N/A,1
483,EEYP,Consignment,1
484,EEYP02,N/A,1
485,EEYPC1,Consignment,1
486,EEYPC2,Consignment,1
487,EEYPOC,Consignment,1
488,EEYPRF,Consignment,1
489,EEYQ01,N/A,1
490,EEYS01,N/A,1
491,EEYS02,N/A,1
492,EEYS03,N/A,1
493,EEYS04,N/A,1
494,EEYS05,N/A,1
495,EEYS06,N/A,1
496,EEYS07,N/A,1
497,EEYS08,N/A,1
498,EEYS09,N/A,1
499,EEYS10,N/A,1
500,EEYS11,N/A,1
501,EEYS12,N/A,1
502,EEYS13,N/A,1
503,EEYS14,N/A,1
504,EEYS15,N/A,1
505,EEYT01,N/A,1
506,EEYT02,N/A,1
507,EEYT03,N/A,1
508,EEYT04,N/A,1
509,EEYT05,N/A,1
510,EEYT06,N/A,1
511,EEYTC1,Consignment,1
512,EEYTC2,Consignment,1
513,EEYTC3,Consignment,1
514,EEYW01,N/A,1
515,EEYW02,N/A,1
516,EEYW03,N/A,1
517,EEYW04,N/A,1
518,EEYW05,N/A,1
519,EEYW06,N/A,1
520,EEYZ01,N/A,1
521,EFRE01,N/A,1
522,EFRE02,N/A,1
523,EGRE01,N/A,1
524,EGRE02,N/A,1
525,EGRW01,N/A,1
526,EGRWC1,Consignment,1
527,EGRWCO,Consignment,1
528,EIDA01,N/A,1
529,EIDA02,N/A,1
530,EIDA03,N/A,1
531,EKET01,N/A,1
532,EKLR01,N/A,1
533,EMBD01,N/A,1
534,EMER01,N/A,1
535,EMNT01,N/A,1
536,EMWB01,N/A,1
537,EMYR01,N/A,1
538,EMYY01,N/A,1
539,ENIH01,N/A,1
540,ENIM01,N/A,1
541,ENIMC1,Consignment,1
542,ENIMOC,N/A,1
543,EOBM01,N/A,1
544,EOBR01,N/A,1
545,EOBRC0,Consignment,1
546,EPER01,N/A,1
547,EPER03,N/A,1
548,EPER04,N/A,1
549,EPERC1,Consignment,1
550,EPERC2,Consignment,1
551,EPERC3,Consignment,1
552,EPEROC,N/A,1
553,EPHE01,N/A,1
554,EPHL01,N/A,1
555,EPIK01,N/A,1
556,EPIP01,N/A,1
557,EPIT02,N/A,1
558,EPRC01,N/A,1
559,EPRS01,N/A,1
560,EPRT01,N/A,1
561,EPRT02,N/A,1
562,EPRT03,N/A,1
563,EPRT04,N/A,1
564,EPRT05,N/A,1
565,EPRTC1,Consignment,1
566,EPRTOC,N/A,1
567,EQUE01,N/A,1
568,ERED01,N/A,1
569,ERED02,N/A,1
570,ERED03,N/A,1
571,EREDC1,Consignment,1
572,EROT01,N/A,1
573,EROTC1,Consignment,1
574,EROTOC,Consignment,1
575,ESEB01,N/A,1
576,ESEB02,N/A,1
577,ESED01,N/A,1
578,ESED02,N/A,1
579,ESED03,N/A,1
580,ESED04,N/A,1
581,ESEDC1,Consignment,1
582,ESES01,N/A,1
583,ESET01,N/A,1
584,ESHL01,N/A,1
585,ESHP01,N/A,1
586,ESHP02,N/A,1
587,ESHR01,N/A,1
588,ESHR02,N/A,1
589,ESHR03,N/A,1
590,ESHR05,N/A,1
591,ESHR07,N/A,1
592,ESHRC1,N/A,1
593,ESHRC2,Consignment,1
594,ESHROC,Consignment,1
595,ESIF01,Consignment,1
596,ESIFC1,Consignment,1
597,ESIFOC,N/A,1
598,ESP100,N/A,1
599,ESP101,N/A,1
600,ESP102,N/A,1
601,ESP103,N/A,1
602,ESP104,N/A,1
603,ESP105,N/A,1
604,ESP106,N/A,1
605,ESP107,N/A,1
606,ESP108,N/A,1
607,ESP109,N/A,1
608,ESP110,N/A,1
609,ESP111,N/A,1
610,ESP112,N/A,1
611,ESP113,N/A,1
612,ESP114,N/A,1
613,ESP115,N/A,1
614,ESP116,N/A,1
615,ESP117,N/A,1
616,ESP118,N/A,1
617,ESP119,N/A,1
618,ESP120,N/A,1
619,ESP121,N/A,1
620,ESP122,N/A,1
621,ESP123,N/A,1
622,ESP124,N/A,1
623,ESP125,N/A,1
624,ESP126,N/A,1
625,ESP127,N/A,1
626,ESP128,N/A,1
627,ESP129,N/A,1
628,ESP130,N/A,1
629,ESP131,N/A,1
630,ESP132,N/A,1
631,ESP133,N/A,1
632,ESP134,N/A,1
633,ESP135,N/A,1
634,ESP136,N/A,1
635,ESP137,N/A,1
636,ESP138,N/A,1
637,ESP139,N/A,1
638,ESP140,N/A,1
639,ESP141,N/A,1
640,ESP142,N/A,1
641,ESP143,N/A,1
642,ESP144,N/A,1
643,ESP145,N/A,1
644,ESP146,N/A,1
645,ESP147,N/A,1
646,ESP148,N/A,1
647,ESP149,N/A,1
648,ESP150,N/A,1
649,ESP151,N/A,1
650,ESP152,N/A,1
651,ESP153,N/A,1
652,ESPBEN,N/A,1
653,ESPBRI,Consignment,1
654,ESPBRM,Consignment,1
655,ESPC01,N/A,1
656,ESPC02,N/A,1
657,ESPC03,N/A,1
658,ESPC04,N/A,1
659,ESPC05,N/A,1
660,ESPC06,N/A,1
661,ESPC07,N/A,1
662,ESPC08,N/A,1
663,ESPC09,N/A,1
664,ESPC10,N/A,1
665,ESPC11,N/A,1
666,ESPC12,N/A,1
667,ESPC13,N/A,1
668,ESPC14,N/A,1
669,ESPC15,N/A,1
670,ESPC16,N/A,1
671,ESPC17,N/A,1
672,ESPC18,N/A,1
673,ESPC19,N/A,1
674,ESPC20,N/A,1
675,ESPC21,N/A,1
676,ESPC22,N/A,1
677,ESPC23,N/A,1
678,ESPC24,N/A,1
679,ESPC25,N/A,1
680,ESPC26,N/A,1
681,ESPC27,N/A,1
682,ESPC28,N/A,1
683,ESPC29,N/A,1
684,ESPC30,N/A,1
685,ESPC31,N/A,1
686,ESPC32,N/A,1
687,ESPC33,N/A,1
688,ESPC34,N/A,1
689,ESPC35,N/A,1
690,ESPC36,N/A,1
691,ESPC37,N/A,1
692,ESPC38,N/A,1
693,ESPC39,N/A,1
694,ESPC40,N/A,1
695,ESPC41,N/A,1
696,ESPC42,N/A,1
697,ESPC43,N/A,1
698,ESPC44,N/A,1
699,ESPC45,N/A,1
700,ESPC46,N/A,1
701,ESPC47,N/A,1
702,ESPC48,N/A,1
703,ESPC49,N/A,1
704,ESPC50,N/A,1
705,ESPC51,N/A,1
706,ESPC52,N/A,1
707,ESPC53,N/A,1
708,ESPC54,N/A,1
709,ESPC55,N/A,1
710,ESPC56,N/A,1
711,ESPC57,N/A,1
712,ESPC58,N/A,1
713,ESPC59,N/A,1
714,ESPC60,N/A,1
715,ESPC61,N/A,1
716,ESPC62,N/A,1
717,ESPC63,N/A,1
718,ESPC64,N/A,1
719,ESPC65,N/A,1
720,ESPC66,N/A,1
721,ESPC67,N/A,1
722,ESPC68,N/A,1
723,ESPC69,N/A,1
724,ESPC70,N/A,1
725,ESPC71,N/A,1
726,ESPC72,N/A,1
727,ESPC73,N/A,1
728,ESPC74,N/A,1
729,ESPC75,N/A,1
730,ESPC76,N/A,1
731,ESPC77,N/A,1
732,ESPC78,N/A,1
733,ESPC79,N/A,1
734,ESPC80,N/A,1
735,ESPC81,N/A,1
736,ESPC82,N/A,1
737,ESPC83,N/A,1
738,ESPC84,N/A,1
739,ESPC85,N/A,1
740,ESPC86,N/A,1
741,ESPC87,N/A,1
742,ESPC88,N/A,1
743,ESPC89,N/A,1
744,ESPC90,N/A,1
745,ESPC91,N/A,1
746,ESPC92,N/A,1
747,ESPC93,N/A,1
748,ESPC94,N/A,1
749,ESPC95,N/A,1
750,ESPC96,N/A,1
751,ESPC97,N/A,1
752,ESPC98,N/A,1
753,ESPC99,N/A,1
754,ESPCAV,Consignment,1
755,ESPCBO,Consignment,1
756,ESPCBR,Consignment,1
757,ESPCBS,Consignment,1
758,ESPCC0,N/A,1
759,ESPCC1,N/A,1
760,ESPCC2,Consignment,1
761,ESPCC3,N/A,1
762,ESPCC4,Consignment,1
763,ESPCC5,N/A,1
764,ESPCC6,N/A,1
765,ESPCC7,N/A,1
766,ESPCC8,N/A,1
767,ESPCC9,N/A,1
768,ESPCCA,N/A,1
769,ESPCCB,Consignment,1
770,ESPCCC,Consignment,1
771,ESPCCE,Consignment,1
772,ESPCCF,N/A,1
773,ESPCCG,N/A,1
774,ESPCCI,Consignment,1
775,ESPCCK,Consignment,1
776,ESPCCL,Consignment,1
777,ESPCCO,N/A,1
778,ESPCCR,Consignment,1
779,ESPCCS,Consignment,1
780,ESPCCT,Consignment,1
781,ESPCCV,Consignment,1
782,ESPCCW,Consignment,1
783,ESPCEG,Consignment,1
784,ESPCEN,Consignment,1
785,ESPCFC,Consignment,1
786,ESPCFR,Consignment,1
787,ESPCGA,N/A,1
788,ESPCGE,Consignment,1
789,ESPCGR,Consignment,1
790,ESPCHM,Consignment,1
791,ESPCHS,Consignment,1
792,ESPCKE,N/A,1
793,ESPCKI,N/A,1
794,ESPCKN,Consignment,1
795,ESPCKW,Consignment,1
796,ESPCKY,Consignment,1
797,ESPCLB,Consignment,1
798,ESPCM1,N/A,1
799,ESPCMK,Consignment,1
800,ESPCMM,Consignment,1
801,ESPCMO,Consignment,1
802,ESPCMS,Consignment,1
803,ESPCN1,Consignment,1
804,ESPCNL,Consignment,1
805,ESPCOC,N/A,1
806,ESPCPA,Consignment,1
807,ESPCPB,Consignment,1
808,ESPCPS,Consignment,1
809,ESPCRA,Consignment,1
810,ESPCS1,Consignment,1
811,ESPCSC,Consignment,1
812,ESPCSG,Consignment,1
813,ESPCSO,N/A,1
814,ESPCSP,Consignment,1
815,ESPCST,Consignment,1
816,ESPCSW,N/A,1
817,ESPCTB,N/A,1
818,ESPCTC,Consignment,1
819,ESPCTG,Consignment,1
820,ESPCTL,N/A,1
821,ESPCTS,Consignment,1
822,ESPCTV,Consignment,1
823,ESPCVE,Consignment,1
824,ESPCVH,Consignment,1
825,ESPCW,Consignment,1
826,ESPCWB,Consignment,1
827,ESPCWE,N/A,1
828,ESPCWK,Consignment,1
829,ESPCWM,Consignment,1
830,ESPGRA,Consignment,1
831,ESPHMS,Consignment,1
832,ESPKNY,Consignment,1
833,ESPKO,Consignment,1
834,ESPLIN,Consignment,1
835,ESPNEL,Consignment,1
836,ESPP14,Consignment,1
837,ESPPBB,Consignment,1
838,ESPSG1,Consignment,1
839,ESPSOM,Consignment,1
840,ESPSP1,Consignment,1
841,ESPSP2,Consignment,1
842,ESPSTL,Consignment,1
843,ESPSWT,Consignment,1
844,ESPTGV,Consignment,1
845,ESPUTG,Consignment,1
846,ESPVIS,Consignment,1
847,ESTD01,N/A,1
848,ESTE01,N/A,1
849,ESTEC1,Consignment,1
850,ESTECO,Consignment,1
851,ESTH01,N/A,1
852,ESTI01,N/A,1
853,ESTI02,N/A,1
854,ESTIOC,Consignment,1
855,ESTL01,N/A,1
856,ESTL02,N/A,1
857,ESTP01,N/A,1
858,ESTPC0,Consignment,1
859,ESTPC1,Consignment,1
860,ESTPOC,N/A,1
861,ESTV01,N/A,1
862,ETHB01,N/A,1
863,ETHE01,N/A,1
864,ETHE02,N/A,1
865,ETHE03,N/A,1
866,ETHE04,Consignment,1
867,ETHL01,N/A,1
868,ETHL02,N/A,1
869,ETHM02,N/A,1
870,ETRA01,N/A,1
871,ETRN01,N/A,1
872,EVES01,N/A,1
873,EVIW01,Consignment,1
874,EVIWC1,Consignment,1
875,EVIWC2,Consignment,1
876,EVIWOC,N/A,1
877,EVRY01,N/A,1
878,EZEN01,N/A,1
879,FGEF01,N/A,1
880,FJOF01,N/A,1
881,FMAO01,N/A,1
882,FME01,N/A,1
883,FME02,N/A,1
884,FMEC2,N/A,1
885,FMEOC,Consignment,1
886,FMOF01,N/A,1
887,FMOF02,N/A,1
888,FMOF03,N/A,1
889,FMOF04,N/A,1
890,FMOF05,N/A,1
891,FMOF06,N/A,1
892,FMOF07,N/A,1
893,FMOF08,N/A,1
894,FMOF09,N/A,1
895,FMOF10,N/A,1
896,FMOFC1,Consignment,1
897,FMOFC2,Consignment,1
898,FMOFC3,Consignment,1
899,FMOFC4,Consignment,1
900,FMOFC5,Consignment,1
901,FMOFC6,Consignment,1
902,FMOFOC,N/A,1
903,FMOFPM,Consignment,1
904,FOXO01,N/A,1
905,FROF01,N/A,1
906,GANL01,N/A,1
907,GANL02,N/A,1
908,GAU01,N/A,1
909,GAUU01,N/A,1
910,GBEG01,N/A,1
911,GBEG03,N/A,1
912,GBEG04,N/A,1
913,GBIF01,N/A,1
914,GDEO01,N/A,1
915,GEAL01,N/A,1
916,GECL01,N/A,1
917,GEDA01,Department store,1
918,GEDA02,Department store,1
919,GEDA03,House accounts,1
920,GEDA04,Department store,1
921,GEDACO,Consignment,1
922,GEDAOC,Consignment,1
923,GEDE01,N/A,1
924,GEDEC1,Consignment,1
925,GEDEOC,N/A,1
926,GEGC1,Consignment,1
927,GEGM01,N/A,1
928,GEGOC,N/A,1
929,GELI01,N/A,1
930,GENC01,N/A,1
931,GENE01,N/A,1
932,GENE02,N/A,1
933,GGIA01,N/A,1
934,GGOA01,N/A,1
935,GHIH01,N/A,1
936,GHIH02,N/A,1
937,GHIHOC,Consignment,1
938,GLEO01,N/A,1
939,GLIH01,N/A,1
940,GMAA01,N/A,1
941,GMAA02,N/A,1
942,GMCA01,N/A,1
943,GMEA01,N/A,1
944,GMEA02,N/A,1
945,GMEAC1,Consignment,1
946,GMEACO,Consignment,1
947,GMEAOC,N/A,1
948,GMOA01,N/A,1
949,GNUE01,N/A,1
950,GSAA01,N/A,1
951,GSAAOC,Consignment,1
952,GSEA01,N/A,1
953,GSEA02,N/A,1
954,GSEW01,N/A,1
955,GSIH01,N/A,1
956,GSIH02,N/A,1
957,GSIN01,N/A,1
958,GWAC1,N/A,1
959,GWAN01,N/A,1
960,HACA01,N/A,1
961,HASL01,N/A,1
962,HASLOC,Consignment,1
963,HATL01,N/A,1
964,HATL02,N/A,1
965,HCOE01,N/A,1
966,HISO01,N/A,1
967,HISOC1,Consignment,1
968,HKAM01,N/A,1
969,HKAM02,N/A,1
970,HKAO4C,Consignment,1
971,HKUN01,N/A,1
972,HLYN01,N/A,1
973,HLYN02,N/A,1
974,HMAA01,N/A,1
975,HMAA02,N/A,1
976,HMAA03,N/A,1
977,HMAA04,N/A,1
978,HMAL01,N/A,1
979,HMAL02,N/A,1
980,HMAO01,N/A,1
981,HMAO02,N/A,1
982,HMAO03,N/A,1
983,HMAO04,N/A,1
984,HMAO05,N/A,1
985,HMAOOC,Consignment,1
986,HMEA01,N/A,1
987,HMOA01,N/A,1
988,HMOA02,N/A,1
989,HMOA03,N/A,1
990,HMOA04,N/A,1
991,HMOL01,N/A,1
992,HMOL02,N/A,1
993,HMOL03,N/A,1
994,HMOL04,N/A,1
995,HMOL05,N/A,1
996,HMOL06,N/A,1
997,HMOL07,N/A,1
998,HMPA01,N/A,1
999,HMPU01,N/A,1
1000,HOCT01,N/A,1
1001,HRAM01,N/A,1
1002,HRAMFR,N/A,1
1003,HROL01,N/A,1
1004,HSCA01,N/A,1
1005,HSCI01,N/A,1
1006,HSCI02,N/A,1
1007,HSCL01,N/A,1
1008,HSCLOC,Consignment,1
1009,HSCM01,N/A,1
1010,HSCN01,N/A,1
1011,HSCN02,N/A,1
1012,HSCNC1,Consignment,1
1013,HSCNCO,Consignment,1
1014,HSCNOC,N/A,1
1015,HSCO01,N/A,1
1016,HSCO02,N/A,1
1017,HSCO05,N/A,1
1018,HSCO06,N/A,1
1019,HSCOC1,Consignment,1
1020,HSCOC2,Consignment,1
1021,HSCOC3,Consignment,1
1022,HSCOOC,Consignment,1
1023,HTSA01,N/A,1
1024,HTSAOC,Consignment,1
1025,HTSE01,N/A,1
1026,HTSEC1,Consignment,1
1027,HTSECO,Consignment,1
1028,HTSEOC,Consignment,1
1029,HTSI01,N/A,1
1030,HUML01,N/A,1
1031,HUMLOC,Consignment,1
1032,HUMLST,Consignment,1
1033,HVAE01,N/A,1
1034,HWAL01,N/A,1
1035,HWAL02,N/A,1
1036,HWAL03,N/A,1
1037,HWALC1,Consignment,1
1038,HWALC2,Consignment,1
1039,HZAE01,N/A,1
1040,HZAEC1,Consignment,1
1041,IALW01,N/A,1
1042,IBEN01,N/A,1
1043,IBHK01,N/A,1
1044,IBRD01,N/A,1
1045,IBRN01,N/A,1
1046,IBRN02,N/A,1
1047,IBRN03,N/A,1
1048,IDEG01,N/A,1
1049,IDZN01,N/A,1
1050,IDZNC1,Consignment,1
1051,IDZNC2,Consignment,1
1052,IDZV01,N/A,1
1053,IELM01,N/A,1
1054,IERN01,N/A,1
1055,IERN02,N/A,1
1056,IERN03,N/A,1
1057,IERNC1,Consignment,1
1058,IERNOC,Consignment,1
1059,IFAR01,N/A,1
1060,IFAROC,N/A,1
1061,IFLG01,N/A,1
1062,IFRE01,N/A,1
1063,IFRE02,N/A,1
1064,IFREC1,N/A,1
1065,IFREOC,N/A,1
1066,IGAL01,N/A,1
1067,IGRM01,N/A,1
1068,IHAN01,N/A,1
1069,IHAN02,N/A,1
1070,IHEN01,N/A,1
1071,IHEN02,N/A,1
1072,IHEN03,N/A,1
1073,IHEN04,N/A,1
1074,IHEN05,N/A,1
1075,IHENC1,Consignment,1
1076,IHENC2,N/A,1
1077,IHENCS,Consignment,1
1078,IHENOC,N/A,1
1079,IIFL01,N/A,1
1080,IIJE01,N/A,1
1081,IIJEC1,Consignment,1
1082,IISP01,N/A,1
1083,IISS01,N/A,1
1084,IJON01,N/A,1
1085,IJON02,N/A,1
1086,IJON03,N/A,1
1087,IJON04,N/A,1
1088,IKNG01,N/A,1
1089,IKRE01,N/A,1
1090,IKRE02,N/A,1
1091,IKRE03,N/A,1
1092,IKRE04,N/A,1
1093,IKRE05,N/A,1
1094,IKRE06,N/A,1
1095,IKRT01,N/A,1
1096,IKRZ01,N/A,1
1097,IMAT01,N/A,1
1098,IMEE01,N/A,1
1099,IMEE02,N/A,1
1100,IMER03,N/A,1
1101,IMERC1,Consignment,1
1102,IMERCO,Consignment,1
1103,IMEROC,N/A,1
1104,IMGL01,N/A,1
1105,IMUR01,N/A,1
1106,INAC01,N/A,1
1107,INAD01,N/A,1
1108,INAD02,N/A,1
1109,INAD03,N/A,1
1110,INAD04,N/A,1
1111,INAD05,N/A,1
1112,INAD06,N/A,1
1113,INAD07,N/A,1
1114,INAD08,N/A,1
1115,INAD09,N/A,1
1116,INAD10,N/A,1
1117,INAD11,N/A,1
1118,INAD12,N/A,1
1119,INAD13,N/A,1
1120,INAD14,N/A,1
1121,INAD15,N/A,1
1122,INAD16,N/A,1
1123,INAD17,N/A,1
1124,INADC1,Consignment,1
1125,INADC2,N/A,1
1126,INADC3,Consignment,1
1127,INADCO,Consignment,1
1128,INADOC,Consignment,1
1129,INADVM,Consignment,1
1130,INDM01,N/A,1
1131,INJK01,N/A,1
1132,IOLV01,N/A,1
1133,IOLV02,N/A,1
1134,IOLVC1,Consignment,1
1135,IONO01,N/A,1
1136,IONOOC,Consignment,1
1137,IPAG01,N/A,1
1138,IPAG2C,Consignment,1
1139,IPAGC1,Consignment,1
1140,IPAGCO,Consignment,1
1141,IPAGOC,Consignment,1
1142,IPHL02,N/A,1
1143,IPHL03,N/A,1
1144,IREC01,N/A,1
1145,IRED01,N/A,1
1146,ISAL01,N/A,1
1147,ISAN01,N/A,1
1148,ISAV01,N/A,1
1149,ISHN01,N/A,1
1150,ISMT01,N/A,1
1151,ISMT02,N/A,1
1152,ISMT04,N/A,1
1153,ISMT05,N/A,1
1154,ISMT06,N/A,1
1155,ISMT07,N/A,1
1156,ISMT08,N/A,1
1157,ISMT09,N/A,1
1158,ISMT10,N/A,1
1159,ISMTC1,Consignment,1
1160,ISMTOC,Consignment,1
1161,ISPL01,N/A,1
1162,ISPL02,N/A,1
1163,ISPLC1,Consignment,1
1164,ISPLCE,Consignment,1
1165,ISPLOC,N/A,1
1166,ISTM01,N/A,1
1167,ISWN01,N/A,1
1168,ITHV01,N/A,1
1169,ITHV02,N/A,1
1170,ITJB01,N/A,1
1171,ITRC01,N/A,1
1172,ITRM01,N/A,1
1173,IUNT01,N/A,1
1174,IWAN01,N/A,1
1175,IWEN01,N/A,1
1176,IWET01,N/A,1
1177,IWET02,N/A,1
1178,IZES01,N/A,1
1179,IZHV01,N/A,1
1180,JARU01,N/A,1
1181,JDEA02,N/A,1
1182,JDEA03,N/A,1
1183,JDEO01,N/A,1
1184,JKAE01,N/A,1
1185,JRAE01,N/A,1
1186,JRAK01,N/A,1
1187,JRAU01,N/A,1
1188,JSEA01,N/A,1
1189,JSEAOC,Consignment,1
1190,JSUE01,N/A,1
1191,JSUE02,N/A,1
1192,JSUE03,N/A,1
1193,JWIN01,N/A,1
1194,KACE01,N/A,1
1195,KACE02,N/A,1
1196,KATI01,N/A,1
1197,KATI02,N/A,1
1198,KBAE01,N/A,1
1199,KBAEC1,Consignment,1
1200,KBAEC2,Consignment,1
1201,KBEK01,N/A,1
1202,KDEAOC,N/A,1
1203,KDEL01,N/A,1
1204,KDEO01,N/A,1
1205,KDEO03,N/A,1
1206,KDEO04,N/A,1
1207,KDEO05,N/A,1
1208,KDIG01,N/A,1
1209,KDIG02,N/A,1
1210,KFAT01,N/A,1
1211,KFAT02,N/A,1
1212,KJAE01,N/A,1
1213,KJAEC1,Consignment,1
1214,KKEA01,N/A,1
1215,KKEA02,N/A,1
1216,KKOS01,N/A,1
1217,KKOSC1,Consignment,1
1218,KLAH01,N/A,1
1219,KLEH01,N/A,1
1220,KLUE01,N/A,1
1221,KMAA01,N/A,1
1222,KMAA02,N/A,1
1223,KMAA03,N/A,1
1224,KMAA04,N/A,1
1225,KMAAC1,Consignment,1
1226,KMAACO,Consignment,1
1227,KMAG01,N/A,1
1228,KMAH01,N/A,1
1229,KMOH01,N/A,1
1230,KMOO01,N/A,1
1231,KMOO02,N/A,1
1232,KMOO03,N/A,1
1233,KMOO04,N/A,1
1234,KMOO05,N/A,1
1235,KMOOC1,Consignment,1
1236,KMOW01,N/A,1
1237,KNIS01,N/A,1
1238,KOAD01,N/A,1
1239,KOAS01,N/A,1
1240,KOAS0C,N/A,1
1241,KOSO01,N/A,1
1242,KOSOOC,Consignment,1
1243,KPAA01,N/A,1
1244,KPAI01,N/A,1
1245,KSAS01,N/A,1
1246,KSAS02,N/A,1
1247,KSEG01,N/A,1
1248,KSUH01,N/A,1
1249,KTIL01,N/A,1
1250,LALE01,N/A,1
1251,LALI01,N/A,1
1252,LALI02,N/A,1
1253,LALY01,N/A,1
1254,LALY02,N/A,1
1255,LBAF01,N/A,1
1256,LBAL01,N/A,1
1257,LBAT01,N/A,1
1258,LBOL01,N/A,1
1259,LBUB02,N/A,1
1260,LBUL01,N/A,1
1261,LCEL01,N/A,1
1262,LCEL02,N/A,1
1263,LDAG01,N/A,1
1264,LDOS01,N/A,1
1265,LEDE01,N/A,1
1266,LEGI01,N/A,1
1267,LELEOC,N/A,1
1268,LFECO,Consignment,1
1269,LFED01,N/A,1
1270,LFIA01,N/A,1
1271,LFIAOC,Consignment,1
1272,LFOL01,N/A,1
1273,LGED01,N/A,1
1274,LGIE01,N/A,1
1275,LGIEOC,N/A,1
1276,LGIL01,N/A,1
1277,LGOD01,N/A,1
1278,LGOD02,N/A,1
1279,LGOD03,N/A,1
1280,LGOD04,N/A,1
1281,LGOD05,N/A,1
1282,LGOD06,N/A,1
1283,LGOD07,N/A,1
1284,LGOD08,N/A,1
1285,LGOD09,N/A,1
1286,LGOD10,N/A,1
1287,LGOD11,N/A,1
1288,LGOD12,N/A,1
1289,LGOD13,N/A,1
1290,LGOD14,N/A,1
1291,LHAL01,N/A,1
1292,LHEL01,N/A,1
1293,LHII01,N/A,1
1294,LHIL01,N/A,1
1295,LHIL02,N/A,1
1296,LHIL03,N/A,1
1297,LHIL05,N/A,1
1298,LHIL06,N/A,1
1299,LHIL07,N/A,1
1300,LHIT01,N/A,1
1301,LHOL01,N/A,1
1302,LHOLCO,Consignment,1
1303,LHOM01,N/A,1
1304,LHOMC1,Consignment,1
1305,LHUB01,N/A,1
1306,LKAI01,N/A,1
1307,LKEM01,N/A,1
1308,LKIL01,N/A,1
1309,LLAL01,N/A,1
1310,LLAO01,N/A,1
1311,LLAU01,N/A,1
1312,LMAA01,N/A,1
1313,LMAA02,N/A,1
1314,LMAA03,N/A,1
1315,LMAAC1,N/A,1
1316,LMAAOC,N/A,1
1317,LMAE01,N/A,1
1318,LMEL01,N/A,1
1319,LMEL02,N/A,1
1320,LMEL03,N/A,1
1321,LMEL04,N/A,1
1322,LMEL05,N/A,1
1323,LMEL06,N/A,1
1324,LMEL07,N/A,1
1325,LMEL08,N/A,1
1326,LMEL09,N/A,1
1327,LMEL10,N/A,1
1328,LMEL11,N/A,1
1329,LMEL12,N/A,1
1330,LMEL13,N/A,1
1331,LMEL14,N/A,1
1332,LMEL15,N/A,1
1333,LMEL16,N/A,1
1334,LMEL17,N/A,1
1335,LMEL18,N/A,1
1336,LMEL19,N/A,1
1337,LMEL20,N/A,1
1338,LMEL21,N/A,1
1339,LMEL22,N/A,1
1340,LMEL23,N/A,1
1341,LMEL24,N/A,1
1342,LMEL25,N/A,1
1343,LMEL26,N/A,1
1344,LMEL27,N/A,1
1345,LMEL28,N/A,1
1346,LMEL29,N/A,1
1347,LMEL30,N/A,1
1348,LMEL31,N/A,1
1349,LMEL32,N/A,1
1350,LMEL33,N/A,1
1351,LMELC1,Consignment,1
1352,LMELC2,Consignment,1
1353,LMELC3,N/A,1
1354,LMELC4,Consignment,1
1355,LMELC5,Consignment,1
1356,LMELC6,Consignment,1
1357,LMELC7,Consignment,1
1358,LMELOC,N/A,1
1359,LMEV01,N/A,1
1360,LMEVOC,Consignment,1
1361,LMEW01,N/A,1
1362,LMIA01,N/A,1
1363,LMIB01,N/A,1
1364,LMIN01,N/A,1
1365,LMOD01,N/A,1
1366,LMODOC,Consignment,1
1367,LMOE01,N/A,1
1368,LMOE02,N/A,1
1369,LMUL01,N/A,1
1370,LMUL02,N/A,1
1371,LMUL03,N/A,1
1372,LMUL04,N/A,1
1373,LMUL05,N/A,1
1374,LMUL06,N/A,1
1375,LMUL07,N/A,1
1376,LMUL08,N/A,1
1377,LMUL09,N/A,1
1378,LMUL10,N/A,1
1379,LMUL11,N/A,1
1380,LMUL12,N/A,1
1381,LMUL13,N/A,1
1382,LMUL14,N/A,1
1383,LMUL15,N/A,1
1384,LMUL16,N/A,1
1385,LMUL17,N/A,1
1386,LMUO01,N/A,1
1387,LMUO02,N/A,1
1388,LMUU01,N/A,1
1389,LNAE01,N/A,1
1390,LNAL01,N/A,1
1391,LNEO01,N/A,1
1392,LNEO02,N/A,1
1393,LNEO03,N/A,1
1394,LNEOC,Consignment,1
1395,LNHA01,N/A,1
1396,LNIS01,N/A,1
1397,LNOL01,N/A,1
1398,LNSAUR,N/A,1
1399,LOLS01,N/A,1
1400,LPAM01,N/A,1
1401,LPAM02,N/A,1
1402,LPIA01,N/A,1
1403,LPIL01,N/A,1
1404,LPIL02,N/A,1
1405,LPIL03,N/A,1
1406,LPIL04,N/A,1
1407,LPIL05,N/A,1
1408,LPIL06,N/A,1
1409,LPIL07,N/A,1
1410,LPIL08,N/A,1
1411,LPOI01,N/A,1
1412,LPUE01,N/A,1
1413,LSAE01,N/A,1
1414,LSAE02,N/A,1
1415,LSAE03,N/A,1
1416,LSAE04,N/A,1
1417,LSAE05,N/A,1
1418,LSAE06,N/A,1
1419,LSAE07,N/A,1
1420,LSAE08,N/A,1
1421,LSAE09,N/A,1
1422,LSAE10,N/A,1
1423,LSAE11,N/A,1
1424,LSAE12,N/A,1
1425,LSAE13,N/A,1
1426,LSAE14,N/A,1
1427,LSAE15,N/A,1
1428,LSAE16,N/A,1
1429,LSAE17,N/A,1
1430,LSAE18,N/A,1
1431,LSAI01,N/A,1
1432,LSAL01,N/A,1
1433,LSEE01,N/A,1
1434,LSEL01,N/A,1
1435,LSEO01,N/A,1
1436,LSOE01,N/A,1
1437,LSOE02,N/A,1
1438,LSOEC2,Consignment,1
1439,LSOEC3,Consignment,1
1440,LSOEOC,Consignment,1
1441,LSOEPR,N/A,1
1442,LSOO01,N/A,1
1443,LSOOC1,Consignment,1
1444,LSOOOC,N/A,1
1445,LSOW01,N/A,1
1446,LSOW02,N/A,1
1447,LSOW03,N/A,1
1448,LSOW04,N/A,1
1449,LSUL01,N/A,1
1450,LTIL01,N/A,1
1451,LTILCO,Consignment,1
1452,LTILOC,Consignment,1
1453,LTYE01,N/A,1
1454,LVAJ01,N/A,1
1455,LVAJC1,Consignment,1
1456,LVAL01,N/A,1
1457,LVAS01,N/A,1
1458,LVAU01,N/A,1
1459,LVAU02,N/A,1
1460,LVAU03,N/A,1
1461,LVIL01,N/A,1
1462,LVIL02,N/A,1
1463,LVILC1,Consignment,1
1464,LVILOC,N/A,1
1465,LWAS01,N/A,1
1466,LWAS02,N/A,1
1467,LWAV01,N/A,1
1468,LWED01,N/A,1
1469,LWEG01,N/A,1
1470,LWEL01,N/A,1
1471,LWIC01,N/A,1
1472,LWIK02,N/A,1
1473,LWIL02,N/A,1
1474,LWIL03,N/A,1
1475,LWIL04,N/A,1
1476,LWIS01,N/A,1
1477,LZIL01,N/A,1
1478,MASA01,N/A,1
1479,MASAC1,Consignment,1
1480,MASAOC,Consignment,1
1481,MBAF01,N/A,1
1482,MCAPC1,Consignment,1
1483,MCOA01,N/A,1
1484,MCOB01,N/A,1
1485,MDEA01,N/A,1
1486,MDEA02,N/A,1
1487,MDEA03,N/A,1
1488,MEDO01,N/A,1
1489,MFAI01,N/A,1
1490,MFAO01,N/A,1
1491,MFEIOC,Consignment,1
1492,MGACO,Consignment,1
1493,MGAS01,N/A,1
1494,MGUE01,N/A,1
1495,MHAB01,N/A,1
1496,MHAM01,N/A,1
1497,MHEM01,N/A,1
1498,MHUA02,N/A,1
1499,MHYI01,N/A,1
1500,MISA01,N/A,1
1501,MISA02,N/A,1
1502,MJUN01,N/A,1
1503,MKIB01,N/A,1
1504,MLECO,Consignment,1
1505,MLEN01,N/A,1
1506,MLOB01,N/A,1
1507,MLOB02,N/A,1
1508,MLOB03,N/A,1
1509,MLOBC1,Consignment,1
1510,MMOE01,N/A,1
1511,MMOEC1,Consignment,1
1512,MNAI01,N/A,1
1513,MNSARK,N/A,1
1514,MORO01,N/A,1
1515,MOSA01,N/A,1
1516,MOSA02,N/A,1
1517,MOSA03,N/A,1
1518,MOSAOC,Consignment,1
1519,MPIV01,N/A,1
1520,MRAA02,N/A,1
1521,MRAA03,N/A,1
1522,MRAD01,N/A,1
1523,MRAD02,N/A,1
1524,MRAJ01,N/A,1
1525,MRAK01,N/A,1
1526,MRAKOC,Consignment,1
1527,MRAL01,N/A,1
1528,MRAL02,N/A,1
1529,MRAL03,N/A,1
1530,MRAL04,N/A,1
1531,MRAO01,N/A,1
1532,MRAO02,N/A,1
1533,MRAO03,N/A,1
1534,MRAP01,N/A,1
1535,MRAR01,N/A,1
1536,MRAR02,N/A,1
1537,MRAS01,N/A,1
1538,MRAU01,N/A,1
1539,MSAU01,N/A,1
1540,MSAW01,N/A,1
1541,MSAW02,N/A,1
1542,MSAWC1,Consignment,1
1543,MSAWC2,Consignment,1
1544,MSIO01,N/A,1
1545,MSIP01,N/A,1
1546,MSIP02,N/A,1
1547,MSIT01,N/A,1
1548,MSIT02,N/A,1
1549,MSOE01,N/A,1
1550,MSOE02,N/A,1
1551,MSUM01,N/A,1
1552,MSYO01,N/A,1
1553,MTAB01,N/A,1
1554,MTEB01,N/A,1
1555,MYBT01,N/A,1
1556,NANI01,N/A,1
1557,NBAK01,N/A,1
1558,NBEJ01,N/A,1
1559,NBEM01,N/A,1
1560,NBEM02,N/A,1
1561,NBEM03,N/A,1
1562,NBET01,N/A,1
1563,NBOD01,N/A,1
1564,NBOO01,N/A,1
1565,NBOT01,N/A,1
1566,NBOT02,N/A,1
1567,NBOT03,N/A,1
1568,NCAI01,N/A,1
1569,NCOS01,N/A,1
1570,NCOS02,Consignment,1
1571,NDAI01,N/A,1
1572,NDAI02,N/A,1
1573,NDEI01,N/A,1
1574,NDUD01,N/A,1
1575,NERE01,N/A,1
1576,NFIE01,N/A,1
1577,NFIM01,N/A,1
1578,NGA01,N/A,1
1579,NGEE01,N/A,1
1580,NGEE02,N/A,1
1581,NGEG01,N/A,1
1582,NGEGC1,Consignment,1
1583,NHAO01,N/A,1
1584,NHER01,N/A,1
1585,NINO01,Specialty store,1
1586,NJAE01,N/A,1
1587,NJAS01,N/A,1
1588,NJEK01,N/A,1
1589,NJEK02,N/A,1
1590,NJIA01,N/A,1
1591,NJIA02,N/A,1
1592,NJIAC1,Consignment,1
1593,NJIAOC,Consignment,1
1594,NJOE01,N/A,1
1595,NJOE02,N/A,1
1596,NJOE03,N/A,1
1597,NKEN01,N/A,1
1598,NKEY01,N/A,1
1599,NKEYOC,Consignment,1
1600,NKIG01,N/A,1
1601,NKIG02,N/A,1
1602,NKIGOC,Consignment,1
1603,NKOQ01,N/A,1
1604,NKOQC1,Consignment,1
1605,NKOQOC,N/A,1
1606,NKUG01,N/A,1
1607,NLAD01,N/A,1
1608,NLAD02,N/A,1
1609,NLAE01,N/A,1
1610,NLAE02,N/A,1
1611,NLAG01,N/A,1
1612,NLAG02,N/A,1
1613,NLIK01,N/A,1
1614,NLOE01,N/A,1
1615,NLOG01,N/A,1
1616,NLUN01,N/A,1
1617,NMAA01,N/A,1
1618,NMAA02,N/A,1
1619,NMAA03,N/A,1
1620,NMAD01,N/A,1
1621,NMAD02,N/A,1
1622,NMAG01,N/A,1
1623,NMAG02,N/A,1
1624,NMAI01,N/A,1
1625,NMAJ01,N/A,1
1626,NMAN01,N/A,1
1627,NMAO01,N/A,1
1628,NMAO02,N/A,1
1629,NMAOC1,Consignment,1
1630,NMAOCC,N/A,1
1631,NMAOOC,N/A,1
1632,NMAS01,N/A,1
1633,NMEL01,N/A,1
1634,NMESOC,N/A,1
1635,NMIG01,N/A,1
1636,NMIG02,N/A,1
1637,NMIGC1,Consignment,1
1638,NMIGC2,Consignment,1
1639,NMOA01,N/A,1
1640,NMOE01,N/A,1
1641,NMOE02,N/A,1
1642,NMOE03,N/A,1
1643,NMOEOC,Consignment,1
1644,NMOT01,N/A,1
1645,NNIA01,N/A,1
1646,NNUA01,N/A,1
1647,NNUA02,N/A,1
1648,NNUA03,N/A,1
1649,NOMI01,N/A,1
1650,NPAO01,N/A,1
1651,NPIE01,N/A,1
1652,NPIE02,N/A,1
1653,NPIN01,N/A,1
1654,NPINC1,Consignment,1
1655,NPUS01,N/A,1
1656,NRAC01,N/A,1
1657,NRAD01,N/A,1
1658,NRAD02,N/A,1
1659,NRAD03,N/A,1
1660,NRAD04,N/A,1
1661,NRADC1,Consignment,1
1662,NRADOC,Consignment,1
1663,NRAK01,N/A,1
1664,NRAS01,Consignment,1
1665,NRASC1,Consignment,1
1666,NREK01,N/A,1
1667,NREO01,N/A,1
1668,NREO02,N/A,1
1669,NREO03,N/A,1
1670,NSADOC,N/A,1
1671,NSEE01,N/A,1
1672,NSEE02,N/A,1
1673,NSIG01,N/A,1
1674,NSIG02,N/A,1
1675,NSIO01,N/A,1
1676,NSUC01,N/A,1
1677,NSUC02,N/A,1
1678,NSUC10,Consignment,1
1679,NSUD01,N/A,1
1680,NSUERM,Consignment,1
1681,NSUEYE,Consignment,1
1682,NSUF01,N/A,1
1683,NSUG01,N/A,1
1684,NSUG02,N/A,1
1685,NSUG03,N/A,1
1686,NSUG04,Consignment,1
1687,NSUG05,N/A,1
1688,NSUG09,N/A,1
1689,NSUG10,N/A,1
1690,NSUG11,N/A,1
1691,NSUG12,N/A,1
1692,NSUG13,N/A,1
1693,NSUG14,N/A,1
1694,NSUG15,N/A,1
1695,NSUG16,N/A,1
1696,NSUG17,N/A,1
1697,NSUG1C,Consignment,1
1698,NSUG3C,Consignment,1
1699,NSUG4U,Consignment,1
1700,NSUGC1,Consignment,1
1701,NSUGC2,Consignment,1
1702,NSUGC3,Consignment,1
1703,NSUGC4,N/A,1
1704,NSUGC5,Consignment,1
1705,NSUGC7,N/A,1
1706,NSUGC8,Consignment,1
1707,NSUGC9,Consignment,1
1708,NSUGEG,Consignment,1
1709,NSUGEM,Consignment,1
1710,NSUGER,N/A,1
1711,NSUGHT,N/A,1
1712,NSUGME,Consignment,1
1713,NSUGOC,Consignment,1
1714,NSUGSZ,Consignment,1
1715,NSUGZS,Consignment,1
1716,NSUHC1,Consignment,1
1717,NSUMEN,Consignment,1
1718,NSUN01,N/A,1
1719,NSUN02,N/A,1
1720,NSUN03,N/A,1
1721,NSUO02,N/A,1
1722,NSUO03,N/A,1
1723,NSUOO2,Specialty store,1
1724,NSUOOC,N/A,1
1725,NSUOPT,Consignment,1
1726,NSUS01,N/A,1
1727,NSUS02,N/A,1
1728,NSUS03,N/A,1
1729,NSUS04,N/A,1
1730,NSUS05,N/A,1
1731,NSUS06,N/A,1
1732,NSUS07,N/A,1
1733,NSUS08,N/A,1
1734,NSUS09,N/A,1
1735,NSUS10,N/A,1
1736,NSUS11,N/A,1
1737,NSUSC1,Consignment,1
1738,NSUSOC,N/A,1
1739,NSUV01,N/A,1
1740,NSUW01,N/A,1
1741,NSUWR1,Consignment,1
1742,NTE01,N/A,1
1743,NTOG02,N/A,1
1744,NTOK01,N/A,1
1745,NVAA01,N/A,1
1746,NVAB01,Consignment,1
1747,NVABC1,Consignment,1
1748,NVABCO,Consignment,1
1749,NVABOC,Consignment,1
1750,NVAD01,N/A,1
1751,NVAD02,N/A,1
1752,NVAD03,N/A,1
1753,NVAD04,N/A,1
1754,NVAD05,N/A,1
1755,NVAD07,N/A,1
1756,NVAD08,N/A,1
1757,NVAD09,N/A,1
1758,NVAD10,N/A,1
1759,NVAD11,N/A,1
1760,NVAD12,N/A,1
1761,NVAD13,N/A,1
1762,NVAD14,N/A,1
1763,NVADOC,Consignment,1
1764,NVAG02,N/A,1
1765,NVAG03,N/A,1
1766,NVAG04,N/A,1
1767,NVAGC1,Consignment,1
1768,NVAGC2,Consignment,1
1769,NVAGOC,N/A,1
1770,NVAK01,N/A,1
1771,NVAM01,N/A,1
1772,NVAN01,N/A,1
1773,NVAN02,N/A,1
1774,NVAN03,N/A,1
1775,NVAN04,N/A,1
1776,NVANC1,Consignment,1
1777,NVANOC,Consignment,1
1778,NVAR01,N/A,1
1779,NVAR02,N/A,1
1780,NVAR03,N/A,1
1781,NVAR04,N/A,1
1782,NVAR05,N/A,1
1783,NVAR06,N/A,1
1784,NVAR07,N/A,1
1785,NVAR08,N/A,1
1786,NVAR09,N/A,1
1787,NVAR10,N/A,1
1788,NVARC1,N/A,1
1789,NVARC2,Consignment,1
1790,NVARCO,Consignment,1
1791,NVAROC,N/A,1
1792,NVAS01,N/A,1
1793,NVAS02,N/A,1
1794,NVAS03,N/A,1
1795,NVAS04,N/A,1
1796,NVAS05,N/A,1
1797,NVAS06,N/A,1
1798,NVET01,N/A,1
1799,NVET02,N/A,1
1800,NVET03,N/A,1
1801,NVIE01,N/A,1
1802,NVOA01,N/A,1
1803,NVOH01,N/A,1
1804,NVOR01,N/A,1
1805,NVOS01,N/A,1
1806,NVOS02,N/A,1
1807,NWIB01,N/A,1
1808,NWID01,N/A,1
1809,NWID02,N/A,1
1810,NWIE03,N/A,1
1811,NWIG01,N/A,1
1812,NWYB01,N/A,1
1813,NYES01,N/A,1
1814,NZAD01,N/A,1
1815,OALN01,N/A,1
1816,OAMP01,N/A,1
1817,OAVC01,N/A,1
1818,OAVN01,N/A,1
1819,OAVNC1,N/A,1
1820,OAVNOC,N/A,1
1821,OBCP01,N/A,1
1822,OBHO01,N/A,1
1823,OBHO02,N/A,1
1824,OBHO03,N/A,1
1825,OBHOC1,N/A,1
1826,OBHOOC,Consignment,1
1827,OBHOPC,Consignment,1
1828,OBLC01,N/A,1
1829,OBLC02,N/A,1
1830,OBLCC1,Consignment,1
1831,OBLCOC,N/A,1
1832,OBOY01,N/A,1
1833,OBOYOC,Consignment,1
1834,OBRU01,N/A,1
1835,OBRW01,N/A,1
1836,OCHN01,N/A,1
1837,OCHT01,N/A,1
1838,OCLI01,N/A,1
1839,OCLI02,N/A,1
1840,OCOK01,N/A,1
1841,OCOK02,N/A,1
1842,OCOK03,N/A,1
1843,OCRS01,N/A,1
1844,OCRU01,N/A,1
1845,OCRU02,N/A,1
1846,ODMP01,N/A,1
1847,ODOK01,N/A,1
1848,ODOL01,N/A,1
1849,OEBN01,N/A,1
1850,OEMN01,N/A,1
1851,OFLR01,N/A,1
1852,OFLRC1,Consignment,1
1853,OFLROC,Consignment,1
1854,OFRN01,N/A,1
1855,OFZP01,N/A,1
1856,OGKP01,N/A,1
1857,OGLB01,N/A,1
1858,OGLBOC,N/A,1
1859,OGLV01,N/A,1
1860,OGLV02,N/A,1
1861,OGMP01,N/A,1
1862,OGOD01,N/A,1
1863,OGOD02,N/A,1
1864,OGOD03,N/A,1
1865,OGOD04,N/A,1
1866,OGOD05,N/A,1
1867,OGODC1,N/A,1
1868,OGODC2,N/A,1
1869,OGODOC,Consignment,1
1870,OGOL01,N/A,1
1871,OGRB01,N/A,1
1872,OGRL01,N/A,1
1873,OGRV01,N/A,1
1874,OHOS03,N/A,1
1875,OIFC01,N/A,1
1876,OIFCC1,Consignment,1
1877,OIFCOC,N/A,1
1878,OIRN01,N/A,1
1879,OIRNOC,N/A,1
1880,OJEN01,N/A,1
1881,OKGM01,N/A,1
1882,OKGM02,N/A,1
1883,OKGP01,N/A,1
1884,OKHM01,N/A,1
1885,OKHT01,N/A,1
1886,OKHTC1,Consignment,1
1887,OKHTOC,N/A,1
1888,OKHZ01,N/A,1
1889,OKLO01,N/A,1
1890,OKMF01,N/A,1
1891,OKNB01,N/A,1
1892,OKNB02,N/A,1
1893,OKNX01,N/A,1
1894,OKOL01,N/A,1
1895,OKRG01,N/A,1
1896,OKRG02,N/A,1
1897,OKRP01,N/A,1
1898,OLCP01,N/A,1
1899,OLEN01,N/A,1
1900,OLEN02,N/A,1
1901,OLOK01,N/A,1
1902,OLOK02,N/A,1
1903,OMBM01,N/A,1
1904,OMMW01,N/A,1
1905,OMOD01,N/A,1
1906,OMOD02,N/A,1
1907,OMOD04,N/A,1
1908,OMOD05,N/A,1
1909,OMOI01,N/A,1
1910,OMOL01,N/A,1
1911,OMOL02,N/A,1
1912,OMOLC1,Consignment,1
1913,OMOS01,N/A,1
1914,OMOS02,N/A,1
1915,OMOS03,N/A,1
1916,OMOS04,N/A,1
1917,OMOS05,N/A,1
1918,OMS01,N/A,1
1919,ONE01,N/A,1
1920,ONKS01,N/A,1
1921,ONOR01,N/A,1
1922,ONSP01,N/A,1
1923,OPHE01,N/A,1
1924,OPHO01,N/A,1
1925,OPIN01,N/A,1
1926,OPLW01,N/A,1
1927,OPRC01,N/A,1
1928,OPRF01,N/A,1
1929,OPRF02,N/A,1
1930,OPRF03,N/A,1
1931,OPRFC1,N/A,1
1932,OPRFC3,Consignment,1
1933,OPRFOC,N/A,1
1934,OPRM01,N/A,1
1935,OPRMOC,Consignment,1
1936,OPRO01,N/A,1
1937,OPRO02,N/A,1
1938,OPRO03,N/A,1
1939,OPRP01,N/A,1
1940,OPRV01,N/A,1
1941,OPRV02,N/A,1
1942,OPSP01,N/A,1
1943,ORMP01,N/A,1
1944,OROP01,N/A,1
1945,OROS01,N/A,1
1946,OROS02,N/A,1
1947,OROS04,N/A,1
1948,OROS05,N/A,1
1949,OROS06,N/A,1
1950,OROSC1,Consignment,1
1951,OROSC2,N/A,1
1952,OROSC3,Consignment,1
1953,OROSCC,Consignment,1
1954,OROSCO,Consignment,1
1955,OROSOC,N/A,1
1956,ORRP01,N/A,1
1957,OSAA01,N/A,1
1958,OSAA03,N/A,1
1959,OSAH01,N/A,1
1960,OSLP01,N/A,1
1961,OSLPC1,Consignment,1
1962,OSPLOC,N/A,1
1963,OSPRC2,N/A,1
1964,OSPROC,N/A,1
1965,OSTL01,N/A,1
1966,OSTR01,N/A,1
1967,OSTU01,N/A,1
1968,OSYN01,N/A,1
1969,OTHM02,N/A,1
1970,OVTP01,N/A,1
1971,OWOD01,N/A,1
1972,OWOD02,N/A,1
1973,OWODOC,Consignment,1
1974,OWRB01,N/A,1
1975,OYPP01,N/A,1
1976,PASE01,N/A,1
1977,PASE02,N/A,1
1978,PBAE01,N/A,1
1979,PCOP01,N/A,1
1980,PCOT01,N/A,1
1981,PDIL01,N/A,1
1982,PDILOC,Consignment,1
1983,PDIP01,N/A,1
1984,PDIP02,N/A,1
1985,PDUI01,N/A,1
1986,PDUL01,N/A,1
1987,PESL01,N/A,1
1988,PGOA01,N/A,1
1989,PHYE01,N/A,1
1990,PHYE02,N/A,1
1991,PHYE03,N/A,1
1992,PHYEC1,Consignment,1
1993,PJEP01,N/A,1
1994,PKAI01,N/A,1
1995,PMAU01,N/A,1
1996,PMAU02,N/A,1
1997,PMOA01,N/A,1
1998,PMOH01,N/A,1
1999,PMSE01,N/A,1
2000,PMSEC1,N/A,1
2001,PMSEOC,N/A,1
2002,POPE01,N/A,1
2003,PPAA01,N/A,1
2004,PPAP01,N/A,1
2005,PPAP02,N/A,1
2006,PPAPC1,Consignment,1
2007,PPAPC2,N/A,1
2008,PPAPCO,Consignment,1
2009,PPAPOC,N/A,1
2010,PRAH01,N/A,1
2011,PROE01,N/A,1
2012,PROE02,N/A,1
2013,PROE0C,N/A,1
2014,PROEC1,Consignment,1
2015,PROEC2,Consignment,1
2016,PROECO,Consignment,1
2017,PROEOC,N/A,1
2018,PSEE01,N/A,1
2019,PSEI01,N/A,1
2020,PSUCAM,Consignment,1
2021,PSUE01,N/A,1
2022,PSUE02,N/A,1
2023,PSUE03,N/A,1
2024,PSUEC1,Consignment,1
2025,PSUEC2,N/A,1
2026,PSUEC3,Consignment,1
2027,PSUEOC,Consignment,1
2028,RABA01,N/A,1
2029,RABAC1,Consignment,1
2030,RABACO,Consignment,1
2031,RABAO1,N/A,1
2032,RABAOC,N/A,1
2033,RAFI01,N/A,1
2034,RAFO01,N/A,1
2035,RAFO02,N/A,1
2036,RAMA01,N/A,1
2037,RARA01,N/A,1
2038,RBAN01,N/A,1
2039,RBAR01,N/A,1
2040,RBAU01,N/A,1
2041,RBEE01,N/A,1
2042,RBEG01,N/A,1
2043,RBEM01,N/A,1
2044,RBEM02,N/A,1
2045,RBEMC1,Consignment,1
2046,RBEMOC,N/A,1
2047,RBUG01,N/A,1
2048,RBUG02,N/A,1
2049,RBUGC1,Consignment,1
2050,RBUL01,N/A,1
2051,RBUN01,N/A,1
2052,RBUNC1,Consignment,1
2053,RBUNOC,N/A,1
2054,RBUR01,N/A,1
2055,RCAE01,N/A,1
2056,RCAE02,N/A,1
2057,RCAE03,N/A,1
2058,RCAEC1,Consignment,1
2059,RCAEOC,N/A,1
2060,RCAR01,N/A,1
2061,RCAS01,N/A,1
2062,RCAT01,N/A,1
2063,RCHI01,N/A,1
2064,RCON01,N/A,1
2065,RCON02,N/A,1
2066,RCON03,N/A,1
2067,RCON04,N/A,1
2068,RCON05,N/A,1
2069,RDAR01,N/A,1
2070,RDIEOC,Consignment,1
2071,RDLD01,N/A,1
2072,RDOE01,N/A,1
2073,RDOF01,N/A,1
2074,RDOF02,N/A,1
2075,RDOFC0,Consignment,1
2076,RDOFOC,Consignment,1
2077,RDUB01,N/A,1
2078,RFER01,N/A,1
2079,RFER02,N/A,1
2080,RFOE01,N/A,1
2081,RGEB01,N/A,1
2082,RHAB01,N/A,1
2083,RHAF01,N/A,1
2084,RHAF02,N/A,1
2085,RHAL01,N/A,1
2086,RHAT01,N/A,1
2087,RHIS01,N/A,1
2088,RHIS02,N/A,1
2089,RHOSC1,Consignment,1
2090,RHOSE1,N/A,1
2091,RIBA01,N/A,1
2092,RJAI01,N/A,1
2093,RJAI02,N/A,1
2094,RJOD01,N/A,1
2095,RJOD02,N/A,1
2096,RKAA01,N/A,1
2097,RKAE01,N/A,1
2098,RKAEC1,Consignment,1
2099,RKAEC2,Consignment,1
2100,RKAI01,N/A,1
2101,RKAK01,N/A,1
2102,RKEL01,N/A,1
2103,RKELC1,Consignment,1
2104,RKELOC,Consignment,1
2105,RKIK01,N/A,1
2106,RKOB01,N/A,1
2107,RKOBOC,Consignment,1
2108,RLEO01,N/A,1
2109,RLEO02,N/A,1
2110,RLEO03,N/A,1
2111,RLEO04,N/A,1
2112,RLEO05,N/A,1
2113,RLEO06,N/A,1
2114,RMAA01,N/A,1
2115,RMAA02,N/A,1
2116,RMAA03,N/A,1
2117,RMAAC1,Consignment,1
2118,RMAAC2,Consignment,1
2119,RMAAOC,N/A,1
2120,RMAB01,N/A,1
2121,RMAB02,N/A,1
2122,RMABOC,Consignment,1
2123,RMAE01,N/A,1
2124,RMAE02,N/A,1
2125,RMAEC0,Consignment,1
2126,RMAI01,N/A,1
2127,RMAIOC,N/A,1
2128,RMAK01,N/A,1
2129,RMAK02,N/A,1
2130,RMAK03,N/A,1
2131,RMAKCO,Consignment,1
2132,RMAL01,Consignment,1
2133,RMAL02,N/A,1
2134,RMAR01,N/A,1
2135,RMAT02,N/A,1
2136,RMAT03,N/A,1
2137,RMEC01,N/A,1
2138,RMEE01,N/A,1
2139,RMOE01,N/A,1
2140,RMOO01,N/A,1
2141,RMUR01,N/A,1
2142,RNOD01,N/A,1
2143,RNOK01,N/A,1
2144,RNOT01,N/A,1
2145,RNOT02,N/A,1
2146,RNOT03,N/A,1
2147,RNOT04,N/A,1
2148,RNOT05,N/A,1
2149,RNOTOC,Consignment,1
2150,RNSAEL,N/A,1
2151,RNSOSE,N/A,1
2152,RNSOY,N/A,1
2153,RNUD01,N/A,1
2154,RORS01,N/A,1
2155,ROUI01,N/A,1
2156,RPAK01,N/A,1
2157,RPAK02,N/A,1
2158,RPAK03,N/A,1
2159,RPAK04,N/A,1
2160,RPAK05,N/A,1
2161,RPAM01,N/A,1
2162,RPAM02,N/A,1
2163,RPAM03,N/A,1
2164,RPAMC1,Consignment,1
2165,RPAMC2,Consignment,1
2166,RPAMOC,N/A,1
2167,RPES01,N/A,1
2168,RPES02,N/A,1
2169,RPEU01,N/A,1
2170,RSAD01,N/A,1
2171,RSADOC,Consignment,1
2172,RSAIOC,Consignment,1
2173,RSCI01,N/A,1
2174,RSPI01,N/A,1
2175,RSPI02,N/A,1
2176,RSTA01,N/A,1
2177,RSTA02,N/A,1
2178,RSTA03,N/A,1
2179,RSTA04,N/A,1
2180,RSTAC1,Consignment,1
2181,RSTAOC,N/A,1
2182,RSTO01,N/A,1
2183,RSTU01,N/A,1
2184,RSTUOC,N/A,1
2185,RSTY01,N/A,1
2186,RSUT01,N/A,1
2187,RTAG01,N/A,1
2188,RTOG01,N/A,1
2189,RTOG04,N/A,1
2190,RTOG05,N/A,1
2191,RTOG06,N/A,1
2192,RTOG07,N/A,1
2193,RTOG09,N/A,1
2194,RTOG10,N/A,1
2195,RTOG11,N/A,1
2196,RTOG12,N/A,1
2197,RTOG13,N/A,1
2198,RTOG14,N/A,1
2199,RTOG15,N/A,1
2200,RTOG16,N/A,1
2201,RTOG17,N/A,1
2202,RTOG18,N/A,1
2203,RTOG19,N/A,1
2204,RTOG20,N/A,1
2205,RTOGC2,N/A,1
2206,RTOGC3,N/A,1
2207,RTOGC4,N/A,1
2208,RTOGC5,Consignment,1
2209,RTOGC6,Consignment,1
2210,RTOGC7,Consignment,1
2211,RTOGC8,Consignment,1
2212,RTOGCO,Consignment,1
2213,RTOGGC,Consignment,1
2214,RTOGOC,Consignment,1
2215,RTOGOP,Consignment,1
2216,RUNO01,N/A,1
2217,RVAI01,N/A,1
2218,RVAI02,N/A,1
2219,RVAI03,N/A,1
2220,RVEE01,N/A,1
2221,RVES01,N/A,1
2222,RVOS01,N/A,1
2223,RVOS02,N/A,1
2224,SABO01,N/A,1
2225,SABO02,N/A,1
2226,SABOC1,Consignment,1
2227,SAS001,N/A,1
2228,SASO02,N/A,1
2229,SASO03,N/A,1
2230,SASOC1,Consignment,1
2231,SASOC2,Consignment,1
2232,SBET01,N/A,1
2233,SBET02,N/A,1
2234,SBET03,N/A,1
2235,SBETC1,Consignment,1
2236,SBETOC,N/A,1
2237,SBIH01,N/A,1
2238,SBIM01,N/A,1
2239,SBIMC1,Consignment,1
2240,SCAA01,N/A,1
2241,SCAH01,N/A,1
2242,SCAH02,N/A,1
2243,SCAH03,N/A,1
2244,SCAH04,N/A,1
2245,SCAH05,N/A,1
2246,SCAH06,Consignment,1
2247,SCAO01,N/A,1
2248,SCAOOC,Consignment,1
2249,SCAS01,N/A,1
2250,SCAS02,N/A,1
2251,SCAS03,N/A,1
2252,SCIK01,N/A,1
2253,SCOM01,N/A,1
2254,SCOMOC,N/A,1
2255,SCUT01,N/A,1
2256,SDEA01,N/A,1
2257,SDEM01,N/A,1
2258,SDEM02,N/A,1
2259,SDEMC1,Consignment,1
2260,SDEMOC,N/A,1
2261,SEAT01,N/A,1
2262,SEAT02,N/A,1
2263,SEAT03,N/A,1
2264,SEAT04,N/A,1
2265,SEATC1,Consignment,1
2266,SEATCO,Consignment,1
2267,SEATOC,N/A,1
2268,SEKT02,N/A,1
2269,SEKT03,N/A,1
2270,SEKT04,N/A,1
2271,SESE01,N/A,1
2272,SESEOC,N/A,1
2273,SESI01,N/A,1
2274,SEXE01,N/A,1
2275,SEYO01,N/A,1
2276,SFIM01,N/A,1
2277,SFOC01,N/A,1
2278,SFOC02,N/A,1
2279,SGBM01,N/A,1
2280,SHAS01,N/A,1
2281,SHAS02,N/A,1
2282,SHAS03,N/A,1
2283,SHAS04,N/A,1
2284,SINI01,N/A,1
2285,SINI02,N/A,1
2286,SINIC1,Consignment,1
2287,SINIOC,N/A,1
2288,SJAS01,N/A,1
2289,SJOE01,N/A,1
2290,SJOHOC,Consignment,1
2291,SKAI01,N/A,1
2292,SKAO01,N/A,1
2293,SKAOC1,Consignment,1
2294,SKAOOC,Consignment,1
2295,SKEH01,N/A,1
2296,SLAE01,N/A,1
2297,SLEE01,N/A,1
2298,SLEE02,N/A,1
2299,SLEE03,N/A,1
2300,SLEE04,N/A,1
2301,SLEH01,N/A,1
2302,SLEHCO,Consignment,1
2303,SLEO01,N/A,1
2304,SLIS01,N/A,1
2305,SLUT01,N/A,1
2306,SMAA01,N/A,1
2307,SMAA02,N/A,1
2308,SMAE01,N/A,1
2309,SMAE02,N/A,1
2310,SMAE03,N/A,1
2311,SMAH01,N/A,1
2312,SMAI01,N/A,1
2313,SMAT02,N/A,1
2314,SMATC1,Consignment,1
2315,SMATC2,Consignment,1
2316,SMEK02,N/A,1
2317,SMIT01,N/A,1
2318,SMOI01,N/A,1
2319,SMOW01,N/A,1
2320,SMTH01,N/A,1
2321,SMTHOC,Consignment,1
2322,SMUH01,N/A,1
2323,SNTA01,N/A,1
2324,SNTH01,N/A,1
2325,SNTO01,N/A,1
2326,SNUI01,N/A,1
2327,SNUI02,N/A,1
2328,SNUIC1,Consignment,1
2329,SNUOC,N/A,1
2330,SOOT01,N/A,1
2331,SPIT01,N/A,1
2332,SPITCO,Consignment,1
2333,SRAO01,N/A,1
2334,SROE01,N/A,1
2335,SROE02,House accounts,1
2336,SROE05,N/A,1
2337,SROE06,N/A,1
2338,SROE1,N/A,1
2339,SROE2,N/A,1
2340,SROEC1,Consignment,1
2341,SROO01,N/A,1
2342,SROOOC,Consignment,1
2343,SROS01,N/A,1
2344,SROS02,N/A,1
2345,SROS03,N/A,1
2346,SSEH01,N/A,1
2347,SUYO01,N/A,1
2348,SVII01,N/A,1
2349,SVII02,N/A,1
2350,SVII03,N/A,1
2351,SVII04,N/A,1
2352,SVII05,N/A,1
2353,SVII06,N/A,1
2354,SVII07,N/A,1
2355,SVII09,N/A,1
2356,SVII11,N/A,1
2357,SVII12,N/A,1
2358,SVII13,N/A,1
2359,SVII14,N/A,1
2360,SVII15,N/A,1
2361,SVII16,N/A,1
2362,SVII17,N/A,1
2363,SVII18,N/A,1
2364,SVII19,N/A,1
2365,SVIIC1,Consignment,1
2366,SVIIC2,Consignment,1
2367,SVIIOC,Consignment,1
2368,SVIISQ,Consignment,1
2369,SVIIU1,Consignment,1
2370,SVIOC,Consignment,1
2371,SVIS01,N/A,1
2372,SVIT01,N/A,1
2373,SVIT02,N/A,1
2374,SVIU01,N/A,1
2375,SVIU02,N/A,1
2376,SVIU03,N/A,1
2377,SVIU04,N/A,1
2378,SVIU05,N/A,1
2379,SWET01,N/A,1
2380,SWET02,N/A,1
2381,SWET03,N/A,1
2382,SWET04,N/A,1
2383,SWET05,N/A,1
2384,SWET06,N/A,1
2385,SWETC1,N/A,1
2386,SWETC2,Consignment,1
2387,SWETC3,Consignment,1
2388,SWETOC,N/A,1
2389,SWIE01,N/A,1
2390,SWIE02,N/A,1
2391,SWIE03,N/A,1
2392,SWIEC1,N/A,1
2393,SWIEOC,N/A,1
2394,SYSE01,N/A,1
2395,SYSE02,N/A,1
2396,SYSE03,N/A,1
2397,SYSE04,N/A,1
2398,SYSEOC,Consignment,1
2399,TACI01,N/A,1
2400,TACIC1,Consignment,1
2401,TACIC2,Consignment,1
2402,TBEH01,N/A,1
2403,TBEHCO,Consignment,1
2404,TBOH01,N/A,1
2405,TBOH02,N/A,1
2406,TBOH03,N/A,1
2407,TBOH04,N/A,1
2408,TBOJ01,N/A,1
2409,TBOJC1,Consignment,1
2410,TBOJOC,N/A,1
2411,TBOS01,N/A,1
2412,TCIY01,N/A,1
2413,TCIY02,N/A,1
2414,TDAE01,N/A,1
2415,TDUO01,N/A,1
2416,TDUO02,N/A,1
2417,TDUT01,N/A,1
2418,TESH01,N/A,1
2419,TEXR01,N/A,1
2420,TEXR02,House accounts,1
2421,TGAE01,N/A,1
2422,TGAE02,N/A,1
2423,TGAE03,N/A,1
2424,TGOZ01,N/A,1
2425,THC01,N/A,1
2426,THC02,N/A,1
2427,THCC1,Consignment,1
2428,TINO01,N/A,1
2429,TINOOC,Consignment,1
2430,TINR01,N/A,1
2431,TINRC1,Consignment,1
2432,TINRC2,Consignment,1
2433,TJIH01,N/A,1
2434,TKAH01,N/A,1
2435,TKAZC1,House accounts,1
2436,TKOZ01,N/A,1
2437,TLAI01,N/A,1
2438,TLES03,N/A,1
2439,TLIE01,N/A,1
2440,TLOT01,N/A,1
2441,TLOU01,N/A,1
2442,TLOU02,N/A,1
2443,TLUC01,N/A,1
2444,TMAE01,N/A,1
2445,TMAE02,N/A,1
2446,TMAH01,N/A,1
2447,TMAH02,N/A,1
2448,TMAH03,N/A,1
2449,TMAH04,N/A,1
2450,TMAL01,N/A,1
2451,TMAL02,N/A,1
2452,TMAL03,N/A,1
2453,TMAL04,N/A,1
2454,TMALOC,Consignment,1
2455,TMAO01,N/A,1
2456,TMAS01,N/A,1
2457,TMAS02,N/A,1
2458,TMAS03,N/A,1
2459,TMAT01,N/A,1
2460,TMES01,N/A,1
2461,TMNU01,N/A,1
2462,TMOA01,N/A,1
2463,TMOA02,N/A,1
2464,TMOA03,N/A,1
2465,TMOAOC,Consignment,1
2466,TMOH01,N/A,1
2467,TMOS01,N/A,1
2468,TMOS02,N/A,1
2469,TMOS03,N/A,1
2470,TMUH01,N/A,1
2471,TMUHC1,Consignment,1
2472,TMUU01,N/A,1
2473,TNAH01,N/A,1
2474,TNAH02,N/A,1
2475,TNAH03,N/A,1
2476,TNAH04,N/A,1
2477,TNAH06,N/A,1
2478,TNAH07,N/A,1
2479,TNAH08,N/A,1
2480,TNAH09,N/A,1
2481,TNAH10,N/A,1
2482,TNAHC1,N/A,1
2483,TNAHC2,Consignment,1
2484,TNAHOC,Consignment,1
2485,TNAI01,N/A,1
2486,TNAI02,N/A,1
2487,TNES01,N/A,1
2488,TNES02,N/A,1
2489,TNET01,N/A,1
2490,TNETOC,Consignment,1
2491,TNOW01,N/A,1
2492,TNUW01,N/A,1
2493,TOPBOT,Consignment,1
2494,TOPC10,Consignment,1
2495,TOPC11,N/A,1
2496,TOPC12,N/A,1
2497,TOPC13,Consignment,1
2498,TOPC14,N/A,1
2499,TOPCC1,N/A,1
2500,TOPCC2,N/A,1
2501,TOPCC3,N/A,1
2502,TOPCC4,Consignment,1
2503,TOPFCS,Consignment,1
2504,TOPI01,N/A,1
2505,TOPI02,N/A,1
2506,TOPI03,N/A,1
2507,TOPI04,N/A,1
2508,TOPI05,N/A,1
2509,TOPI06,N/A,1
2510,TOPI07,N/A,1
2511,TOPI08,N/A,1
2512,TOPI09,N/A,1
2513,TOPI10,N/A,1
2514,TOPI11,N/A,1
2515,TOPI12,N/A,1
2516,TOPI13,N/A,1
2517,TOPI14,N/A,1
2518,TOPI15,N/A,1
2519,TOPI16,N/A,1
2520,TOPI17,N/A,1
2521,TOPI18,N/A,1
2522,TOPI19,N/A,1
2523,TOPI20,N/A,1
2524,TOPI21,N/A,1
2525,TOPI22,N/A,1
2526,TOPI23,N/A,1
2527,TOPI24,N/A,1
2528,TOPI25,N/A,1
2529,TOPI26,N/A,1
2530,TOPI27,N/A,1
2531,TOPI28,N/A,1
2532,TOPI29,N/A,1
2533,TOPI30,N/A,1
2534,TOPI31,N/A,1
2535,TOPI32,N/A,1
2536,TOPI33,N/A,1
2537,TOPI34,N/A,1
2538,TOPI44,N/A,1
2539,TOPI45,N/A,1
2540,TOPI46,N/A,1
2541,TOPI47,N/A,1
2542,TOPI48,N/A,1
2543,TOPI49,N/A,1
2544,TOPI50,N/A,1
2545,TOPI51,N/A,1
2546,TOPI52,N/A,1
2547,TOPI53,N/A,1
2548,TOPI54,N/A,1
2549,TOPI55,N/A,1
2550,TOPI56,N/A,1
2551,TOPI57,N/A,1
2552,TOPI58,N/A,1
2553,TOPI59,N/A,1
2554,TOPI60,N/A,1
2555,TOPI61,N/A,1
2556,TOPI62,N/A,1
2557,TOPI63,N/A,1
2558,TOPI64,N/A,1
2559,TOPI65,N/A,1
2560,TOPI66,N/A,1
2561,TOPIC1,Consignment,1
2562,TOPIC2,Consignment,1
2563,TOPIC3,Consignment,1
2564,TOPIC4,N/A,1
2565,TOPIC5,N/A,1
2566,TOPIC6,Consignment,1
2567,TOPIC7,Consignment,1
2568,TOPIC8,N/A,1
2569,TOPIC9,N/A,1
2570,TOPICC,Consignment,1
2571,TOPICO,Consignment,1
2572,TOPIKC,Consignment,1
2573,TOPIOC,N/A,1
2574,TOPIVN,Consignment,1
2575,TOPO01,N/A,1
2576,TOPO02,N/A,1
2577,TOPOC1,Consignment,1
2578,TOPOOC,Consignment,1
2579,TPAE01,N/A,1
2580,TPAE02,N/A,1
2581,TPAE03,N/A,1
2582,TPAE04,N/A,1
2583,TPAE05,N/A,1
2584,TPAE06,N/A,1
2585,TPAEC1,Consignment,1
2586,TPAH01,N/A,1
2587,TPAH02,N/A,1
2588,TPAR01,N/A,1
2589,TPEA01,N/A,1
2590,TPOG01,N/A,1
2591,TPOG02,N/A,1
2592,TREI01,N/A,1
2593,TRER01,N/A,1
2594,TRIE01,N/A,1
2595,TRUH01,N/A,1
2596,TRUT01,N/A,1
2597,TSEL01,N/A,1
2598,TSIH01,N/A,1
2599,TSUT01,N/A,1
2600,TSUTOC,N/A,1
2601,TWAE01,N/A,1
2602,TWAE02,N/A,1
2603,TWAEC1,Consignment,1
2604,TWAEOC,N/A,1
2605,TWEZ01,N/A,1
2606,TWIB01,N/A,1
2607,TWIB02,N/A,1
2608,TWIBC1,Consignment,1
2609,TWIBC2,Consignment,1
2610,TWIT01,N/A,1
2611,TZIH01,N/A,1
2612,TZIU01,N/A,1
2613,UBAE01,N/A,1
2614,UBAE02,N/A,1
2615,UBAEOC,Consignment,1
2616,UBLF01,N/A,1
2617,UBLM01,N/A,1
2618,UBLM02,N/A,1
2619,UBLSOC,N/A,1
2620,UBOG01,N/A,1
2621,UBOG02,N/A,1
2622,UBOM01,N/A,1
2623,UBOM02,N/A,1
2624,UBOM03,N/A,1
2625,UBOM04,N/A,1
2626,UBOMC1,Consignment,1
2627,UBOR01,N/A,1
2628,UBRW01,N/A,1
2629,UDAB01,N/A,1
2630,UDRI01,N/A,1
2631,UDRMOC,Consignment,1
2632,UEQI01,N/A,1
2633,UFAL01,N/A,1
2634,UFALOC,N/A,1
2635,UFOR01,N/A,1
2636,UFOR02,N/A,1
2637,UFOR03,N/A,1
2638,UFOR04,N/A,1
2639,UFORC1,Consignment,1
2640,UFOROC,N/A,1
2641,UGLC01,N/A,1
2642,UGON01,N/A,1
2643,UGON02,N/A,1
2644,UGOW01,N/A,1
2645,UHOS01,N/A,1
2646,UICS01,N/A,1
2647,UIDT01,N/A,1
2648,UJOB01,N/A,1
2649,UKLG01,N/A,1
2650,UKRG01,N/A,1
2651,UKRG02,N/A,1
2652,UKRG03,N/A,1
2653,UKRI01,N/A,1
2654,UKRS01,N/A,1
2655,ULAD01,N/A,1
2656,ULADC1,Consignment,1
2657,UMBL01,N/A,1
2658,UMFN01,N/A,1
2659,UMKZ01,N/A,1
2660,UMNK01,N/A,1
2661,UMNKC1,Consignment,1
2662,UMOT01,N/A,1
2663,UMOTC1,Consignment,1
2664,UMTB01,N/A,1
2665,UNAD01,N/A,1
2666,UNET01,N/A,1
2667,UNET02,N/A,1
2668,UNETC1,Consignment,1
2669,UNETOC,Consignment,1
2670,UNXM01,N/A,1
2671,UNXM02,N/A,1
2672,UPHN01,N/A,1
2673,UPOL01,N/A,1
2674,URAB01,N/A,1
2675,URAF01,N/A,1
2676,URAF02,N/A,1
2677,UROX01,N/A,1
2678,UROX02,N/A,1
2679,USON01,N/A,1
2680,USOT01,N/A,1
2681,USOT02,N/A,1
2682,USOT03,N/A,1
2683,USOT04,N/A,1
2684,USOT05,N/A,1
2685,USOT06,N/A,1
2686,USOT07,N/A,1
2687,USOT08,N/A,1
2688,USOTC1,Consignment,1
2689,USTOC,N/A,1
2690,USTT01,N/A,1
2691,USTT02,N/A,1
2692,UTAN01,N/A,1
2693,UTAN02,N/A,1
2694,UTREOC,Consignment,1
2695,UTRM01,N/A,1
2696,UTSE01,N/A,1
2697,UYOOC,N/A,1
2698,UYOR01,N/A,1
2699,UYOR02,N/A,1
2700,UYORC1,Consignment,1
2701,UZDM00,N/A,1
2702,VADE02,N/A,1
2703,VCAE01,N/A,1
2704,VDAE01,N/A,1
2705,VDAE02,N/A,1
2706,VDAEOC,N/A,1
2707,VDAI01,N/A,1
2708,VDAI02,N/A,1
2709,VDAI03,N/A,1
2710,VDEI01,N/A,1
2711,VDEO01,N/A,1
2712,VDER01,N/A,1
2713,VDEROC,Consignment,1
2714,VDICO,Consignment,1
2715,VDII01,N/A,1
2716,VGOE01,N/A,1
2717,VGOE02,N/A,1
2718,VGOE03,N/A,1
2719,VGOE04,N/A,1
2720,VGOE05,N/A,1
2721,VGOE06,N/A,1
2722,VGOE07,N/A,1
2723,VGOEC1,Consignment,1
2724,VGOEC2,Consignment,1
2725,VGOEOC,N/A,1
2726,VGOI02,N/A,1
2727,VINE01,N/A,1
2728,VIRI01,N/A,1
2729,VLEI01,N/A,1
2730,VLEI02,N/A,1
2731,VLEI03,N/A,1
2732,VLEI04,N/A,1
2733,VLEI05,N/A,1
2734,VLEI06,N/A,1
2735,VLEIC1,Consignment,1
2736,VLEIOC,N/A,1
2737,VLEY01,N/A,1
2738,VLEYC1,Consignment,1
2739,VLEYOC,N/A,1
2740,VRIO01,N/A,1
2741,VRIO02,N/A,1
2742,VRIOC1,Consignment,1
2743,VRIOC2,Consignment,1
2744,VRIOOC,N/A,1
2745,VSAA01,N/A,1
2746,VSAI01,N/A,1
2747,VSAV01,N/A,1
2748,WCEA01,N/A,1
2749,WCOA01,N/A,1
2750,WCOAC1,N/A,1
2751,WCOAOC,N/A,1
2752,WDAJ01,N/A,1
2753,WDEI01,N/A,1
2754,WDEI02,N/A,1
2755,WDEI03,N/A,1
2756,WDOL01,N/A,1
2757,WGOA01,N/A,1
2758,WGOA02,N/A,1
2759,WHES01,N/A,1
2760,WHOE01,N/A,1
2761,WHOEC1,Consignment,1
2762,WHOEOC,N/A,1
2763,WKHE01,N/A,1
2764,WLAR01,N/A,1
2765,WLAR02,N/A,1
2766,WLAR03,N/A,1
2767,WLAROC,N/A,1
2768,WLEI01,N/A,1
2769,WLOE01,N/A,1
2770,WMAE01,N/A,1
2771,WNEB01,N/A,1
2772,WNEC01,N/A,1
2773,WNECON,Consignment,1
2774,WNED01,N/A,1
2775,WNED02,N/A,1
2776,WNED03,N/A,1
2777,WNEG01,N/A,1
2778,WNEG02,N/A,1
2779,WNEG2A,Consignment,1
2780,WNEJ01,N/A,1
2781,WNEL01,N/A,1
2782,WNEL02,N/A,1
2783,WNEL03,N/A,1
2784,WNELB2,N/A,1
2785,WNELBS,N/A,1
2786,WNELOR,N/A,1
2787,WNEMA,N/A,1
2788,WNER01,Consignment,1
2789,WNER02,Consignment,1
2790,WNER03,Consignment,1
2791,WNES01,N/A,1
2792,WNES02,N/A,1
2793,WNES03,N/A,1
2794,WNES04,N/A,1
2795,WNES06,N/A,1
2796,WNES07,N/A,1
2797,WNES08,N/A,1
2798,WNES09,N/A,1
2799,WNES10,N/A,1
2800,WNES11,N/A,1
2801,WNES12,N/A,1
2802,WNES13,N/A,1
2803,WNES14,N/A,1
2804,WNES15,N/A,1
2805,WNES16,N/A,1
2806,WNES17,N/A,1
2807,WNES18,N/A,1
2808,WNES19,N/A,1
2809,WNES20,N/A,1
2810,WNES21,N/A,1
2811,WNES22,N/A,1
2812,WNESAM,N/A,1
2813,WNESO5,N/A,1
2814,WNESS1,N/A,1
2815,WNESS2,N/A,1
2816,WNEV01,N/A,1
2817,WNEW01,N/A,1
2818,WNKA01,N/A,1
2819,WPOE01,N/A,1
2820,XDUM01,N/A,1
2821,XFOD01,N/A,1
2822,XFOY01,N/A,1
2823,XFOYC1,Consignment,1
2824,XFOYC2,Consignment,1
2825,XFOYC3,N/A,1
2826,XFOYC4,Consignment,1
2827,XLOT01,N/A,1
2828,XLUA01,N/A,1
2829,XTAI01,N/A,1
2830,YBA01,N/A,1
2831,YBAO02,N/A,1
2832,YBIE01,N/A,1
2833,YBOS01,N/A,1
2834,YBRA01,N/A,1
2835,YBUCO,Consignment,1
2836,YBUS01,N/A,1
2837,YBUS02,N/A,1
2838,YBUS03,N/A,1
2839,YBUS04,N/A,1
2840,YBUS05,N/A,1
2841,YBUS06,N/A,1
2842,YBUS07,N/A,1
2843,YBUS08,N/A,1
2844,YBUS09,N/A,1
2845,YCRS01,N/A,1
2846,YCRS02,N/A,1
2847,YDES01,N/A,1
2848,YDRO01,N/A,1
2849,YHAA01,N/A,1
2850,YHAE01,N/A,1
2851,YKAE01,N/A,1
2852,YKAE02,N/A,1
2853,YKAE03,N/A,1
2854,YKAE04,N/A,1
2855,YKNS01,N/A,1
2856,YLAC01,N/A,1
2857,YMAA01,N/A,1
2858,YMAA02,N/A,1
2859,YMAA03,N/A,1
2860,YMAF02,N/A,1
2861,YMAFC0,N/A,1
2862,YMAO01,N/A,1
2863,YMEE01,N/A,1
2864,YMEE02,N/A,1
2865,YMEE04,N/A,1
2866,YMEE05,N/A,1
2867,YMEE07,N/A,1
2868,YMEE08,N/A,1
2869,YMEEC1,Consignment,1
2870,YMEEO3,N/A,1
2871,YMEEO6,N/A,1
2872,YMEEOC,N/A,1
2873,YMEESA,Consignment,1
2874,YNAA01,N/A,1
2875,YRAA01,N/A,1
2876,YRAN01,N/A,1
2877,YREN01,N/A,1
2878,YREN02,N/A,1
2879,YREN03,N/A,1
2880,YRENC1,Consignment,1
2881,YROA01,N/A,1
2882,YROA02,N/A,1
2883,YROA10,N/A,1
2884,YROA11,N/A,1
2885,YROA12,N/A,1
2886,YROA13,N/A,1
2887,YROA14,N/A,1
2888,YROAL1,N/A,1
2889,YROAL2,N/A,1
2890,YROAL3,N/A,1
2891,YROAL4,N/A,1
2892,YROAL5,N/A,1
2893,YROAL6,N/A,1
2894,YROAL7,N/A,1
2895,YROAL8,N/A,1
2896,YROAL9,N/A,1
2897,YROALV,N/A,1
2898,YROBB,N/A,1
2899,YROMPB,N/A,1
2900,YROOP,Consignment,1
2901,YRUS01,N/A,1
2902,YSTL01,N/A,1
2903,YSTL02,N/A,1
2904,YSTL03,N/A,1
2905,YSTL04,N/A,1
2906,YSTLC1,Consignment,1
2907,YSTLC2,Consignment,1
2908,YSTLOC,N/A,1
2909,YTAL03,N/A,1
2910,ZBOE01,N/A,1
2911,ZDEI01,N/A,1
2912,ZDEIOC,N/A,1
2913,ZDOE01,N/A,1
2914,ZDOE02,N/A,1
2915,ZHAY01,N/A,1
2916,ZHAY02,N/A,1
2917,ZMAU01,N/A,1
2918,ZNAE01,N/A,1
2919,ZNAEOC,Consignment,1
2920,ZNAO01,N/A,1
